# Blender 4.5.0
# www.blender.org
mtllib Blocking_Kurve.mtl
o Cube.005
v 1.530642 3.397789 20.674374
v 1.533284 -3.421316 20.669876
v 1.606793 3.397789 24.219769
v 1.610304 -3.421316 24.215212
v -15.216299 3.397789 34.454468
v -15.219084 -3.421316 34.457348
v -12.364700 3.397789 34.396980
v -12.367631 -3.421316 34.400726
v 1.252669 2.894959 21.289713
v 1.053816 2.368603 21.698868
v 0.906651 1.842247 21.909645
v 0.803487 1.315891 21.983049
v 0.738796 0.789534 21.957361
v 0.707982 0.263178 21.849403
v 0.707435 -0.263178 21.844482
v 0.738344 -0.789535 21.953302
v 0.803150 -1.315891 21.980013
v 0.906437 -1.842247 21.907726
v 1.053728 -2.368603 21.698080
v 1.252697 -2.894959 21.289957
v -12.687879 -2.894959 34.092522
v -12.910108 -2.368603 33.878601
v -13.060968 -1.842247 33.733353
v -13.157793 -1.315891 33.640106
v -13.211232 -0.789535 33.588627
v -13.225211 -0.263178 33.573318
v -13.206333 0.263178 33.572941
v -13.149408 0.760592 33.586739
v -13.043966 1.188705 33.619930
v -12.895740 1.538338 33.663818
v -12.736856 1.793752 33.715828
v -12.642513 2.610620 34.046635
v 1.277690 2.610620 24.188759
v 0.958973 1.793752 24.231976
v 0.896510 1.538338 24.020124
v 0.838056 1.188705 23.784554
v 0.788085 0.760592 23.563501
v 0.755547 0.263178 23.358366
v 0.754291 -0.263178 23.329830
v 0.786946 -0.789535 23.490005
v 0.854361 -1.315891 23.659790
v 0.960593 -1.842247 23.833235
v 1.111840 -2.368603 23.993803
v 1.319327 -2.894959 24.112457
v -14.910429 2.894959 34.136635
v -14.696157 2.368603 33.914032
v -14.550632 1.842247 33.762890
v -14.457191 1.315891 33.665863
v -14.405592 0.789534 33.612297
v -14.390276 0.263178 33.596405
v -14.390276 -0.263178 33.596405
v -14.405592 -0.789535 33.612297
v -14.457191 -1.315891 33.665863
v -14.550632 -1.842247 33.762890
v -14.696157 -2.368603 33.914036
v -14.910429 -2.894959 34.136635
v 1.617527 3.397789 26.779274
v 1.621130 -3.421316 26.781555
v 1.558406 3.397789 29.091305
v 1.561236 -3.421316 29.094177
v -9.902152 3.397789 34.348183
v -9.899076 -3.421316 34.351807
v -7.050514 3.397789 34.292656
v -7.047619 -3.421316 34.295425
v 1.291961 2.610620 27.320763
v 0.988082 1.793752 27.559692
v 0.934808 1.538338 27.679691
v 0.886116 1.188705 27.752438
v 0.844114 0.760592 27.748028
v 0.815633 0.263178 27.654945
v 0.814998 -0.263178 27.666479
v 0.844552 -0.789535 27.804493
v 0.902831 -1.315891 27.866234
v 0.994811 -1.842247 27.837729
v 1.132126 -2.368603 27.682821
v 1.333899 -2.894959 27.340630
v -7.368736 -2.894959 33.987190
v -7.591660 -2.368603 33.773254
v -7.743056 -1.842247 33.627991
v -7.840269 -1.315891 33.534744
v -7.893949 -0.789535 33.483261
v -7.909883 -0.263178 33.467987
v -7.909883 0.263178 33.467987
v -7.893949 0.789534 33.483261
v -7.840269 1.315891 33.534744
v -7.743056 1.842247 33.627991
v -7.591660 2.368603 33.773254
v -7.368736 2.894959 33.987190
v 1.282097 2.894959 29.097374
v 1.089861 2.368603 29.075661
v 0.963538 1.842247 28.995064
v 0.879853 1.315891 28.879047
v 0.826628 0.789534 28.743263
v 0.799756 0.263178 28.593700
v 0.799338 -0.263178 28.589947
v 0.826326 -0.789535 28.740543
v 0.879682 -1.315891 28.877508
v 0.963507 -1.842247 28.994781
v 1.089970 -2.368603 29.076626
v 1.282328 -2.894959 29.099455
v -9.638437 2.610620 33.987106
v -9.557274 1.793752 33.652821
v -9.400575 1.538338 33.594559
v -9.254203 1.188705 33.544830
v -9.150158 0.760592 33.507492
v -9.093824 0.263178 33.491447
v -9.074947 -0.263178 33.491074
v -9.088308 -0.789535 33.506927
v -9.139667 -1.315891 33.560482
v -9.232721 -1.842247 33.657494
v -9.377709 -2.368603 33.808605
v -9.591290 -2.894959 34.031158
v 1.631631 3.397789 24.618977
v 1.662558 3.397789 25.028343
v 1.698188 3.397789 25.445511
v 1.698574 3.397789 25.537689
v 1.666650 3.397789 25.999577
v 1.639194 3.397789 26.412907
v -11.995812 3.397789 34.411102
v -11.599556 3.397789 34.432671
v -11.176048 3.397789 34.460548
v -11.087353 3.397789 34.458790
v -10.665282 3.397789 34.414154
v -10.270191 3.397789 34.376907
v -12.260558 2.736450 34.084564
v -11.822789 2.848032 34.117939
v -11.330673 2.894463 34.149899
v -10.945156 2.894463 34.142258
v -10.454693 2.848032 34.090828
v -10.018590 2.736450 34.040138
v 1.326863 2.736450 24.602976
v 1.371733 2.848032 25.065435
v 1.414094 2.894463 25.562729
v 1.415916 2.894463 25.964699
v 1.378228 2.848032 26.492172
v 1.337485 2.736450 26.940847
v -12.416791 2.090881 33.819954
v -11.982613 2.281107 33.892952
v -11.456700 2.364430 33.928566
v -10.827995 2.364430 33.916107
v -10.303907 2.281107 33.859688
v -9.872962 2.090881 33.769547
v 1.074603 2.090881 24.587908
v 1.159344 2.281107 25.047998
v 1.208134 2.364430 25.599270
v 1.211376 2.364430 26.256123
v 1.168724 2.281107 26.802204
v 1.091396 2.090881 27.247337
v 0.797182 -3.421316 21.194763
v -0.044041 -3.421316 21.439409
v -1.034483 -3.421316 21.370558
v -2.199775 -3.421316 21.057283
v -3.543363 -3.421316 20.660116
v -5.048999 -3.421316 20.298714
v -6.678975 -3.421316 20.027359
v -8.364208 -3.421316 19.933655
v -10.004028 -3.421316 20.213104
v -11.503428 -3.421316 20.948250
v -12.754309 -3.421316 22.512430
v -13.743714 -3.421316 24.499506
v -14.459628 -3.421316 26.587191
v -14.902711 -3.421316 28.748161
v -15.147717 -3.421316 30.652760
v -15.239893 -3.421316 32.267891
v -15.243473 -3.421316 33.491020
v 0.890345 3.397789 24.857569
v 0.130220 3.397789 25.177830
v -0.709631 3.397789 25.217579
v -1.667806 3.397789 25.038107
v -2.769684 3.397789 24.703180
v -4.010187 3.397789 24.333719
v -5.351963 3.397789 24.082165
v -6.744343 3.397789 23.978964
v -8.115720 3.397789 24.069941
v -9.347204 3.397789 24.757921
v -10.395197 3.397789 25.817429
v -11.227536 3.397789 27.070763
v -11.810230 3.397789 28.575136
v -12.166793 3.397789 30.114309
v -12.341690 3.397789 31.513777
v -12.390710 3.397789 32.689411
v -12.380322 3.397789 33.608665
v -12.390716 -3.421316 33.487053
v -12.383500 -3.421316 32.408077
v -12.290623 -3.421316 31.077686
v -12.061641 -3.421316 29.547680
v -11.656250 -3.421316 27.894257
v -10.993692 -3.421316 26.611126
v -10.093922 -3.421316 25.592649
v -9.008624 -3.421316 24.770052
v -7.748840 -3.421316 24.507750
v -6.409992 -3.421316 24.467159
v -5.069443 -3.421316 24.573345
v -3.786677 -3.421316 24.825041
v -2.606544 -3.421316 25.171898
v -1.562638 -3.421316 25.428345
v -0.650601 -3.421316 25.510632
v 0.157775 -3.421316 25.357944
v 0.899858 -3.421316 24.916636
v -15.240329 3.397789 33.495296
v -15.237155 3.397789 32.271755
v -15.144860 3.397789 30.659979
v -14.901864 3.397789 28.758801
v -14.449157 3.397789 26.690556
v -13.710522 3.397789 24.813087
v -12.708141 3.397789 22.948442
v -11.456605 3.397789 21.420475
v -9.979427 3.397789 20.488365
v -8.369892 3.397789 19.937103
v -6.684501 3.397789 20.030302
v -5.054331 3.397789 20.299532
v -3.548319 3.397789 20.659273
v -2.204230 3.397789 21.055569
v -1.038824 3.397789 21.368425
v -0.047539 3.397789 21.439531
v 0.794459 3.397789 21.198046
v -14.929930 -2.894959 33.214565
v -14.916775 -2.894959 32.033218
v -14.817266 -2.894959 30.499683
v -14.567369 -2.894959 28.672539
v -14.125579 -2.894959 26.653683
v -13.442904 -2.894959 24.733015
v -12.521799 -2.894959 22.829498
v -11.338612 -2.894959 21.415062
v -9.922854 -2.894959 20.696579
v -8.372812 -2.894959 20.413422
v -6.776227 -2.894959 20.481770
v -5.230539 -2.894959 20.684612
v -3.784964 -2.894959 20.988503
v -2.480082 -2.894959 21.325125
v -1.329275 -2.894959 21.648232
v -0.335272 -2.894959 21.809891
v 0.518275 -2.894959 21.710842
v -14.711979 -2.368603 33.030979
v -14.692069 -2.368603 31.864506
v -14.586211 -2.368603 30.397144
v -14.341171 -2.368603 28.631952
v -13.900999 -2.368603 26.747231
v -13.233521 -2.368603 24.874809
v -12.349624 -2.368603 23.023165
v -11.216577 -2.368603 21.739365
v -9.869808 -2.368603 21.053619
v -8.394599 -2.368603 20.751518
v -6.866094 -2.368603 20.768919
v -5.367555 -2.368603 20.940048
v -3.958536 -2.368603 21.200800
v -2.678344 -2.368603 21.496628
v -1.543106 -2.368603 21.782017
v -0.549488 -2.368603 22.000498
v 0.308909 -2.368603 21.992313
v -14.564179 -1.842247 32.905788
v -14.539877 -1.842247 31.747047
v -14.428537 -1.842247 30.318428
v -14.183649 -1.842247 28.614679
v -13.749562 -1.842247 26.828632
v -13.106327 -1.842247 24.995218
v -12.250899 -1.842247 23.177773
v -11.142775 -1.842247 21.964867
v -9.833652 -1.842247 21.286625
v -8.399099 -1.842247 20.982693
v -6.909984 -1.842247 20.990643
v -5.450233 -1.842247 21.130238
v -4.074052 -1.842247 21.345211
v -2.815636 -1.842247 21.604702
v -1.695360 -1.842247 21.843416
v -0.707492 -1.842247 22.056049
v 0.154297 -1.842247 22.110043
v -14.469366 -1.315891 32.825203
v -14.443573 -1.315891 31.692078
v -14.329425 -1.315891 30.263863
v -14.080170 -1.315891 28.587646
v -13.648355 -1.315891 26.863140
v -13.018391 -1.315891 25.057089
v -12.183619 -1.315891 23.263577
v -11.097969 -1.315891 22.107660
v -9.818880 -1.315891 21.444563
v -8.417051 -1.315891 21.128832
v -6.958948 -1.315891 21.109236
v -5.521562 -1.315891 21.222942
v -4.158836 -1.315891 21.426840
v -2.910921 -1.315891 21.659370
v -1.797683 -1.315891 21.869717
v -0.817953 -1.315891 22.027241
v 0.046203 -1.315891 22.118853
v -14.417042 -0.789535 32.780640
v -14.390234 -0.789535 31.663670
v -14.276294 -0.789535 30.258245
v -14.029611 -0.789535 28.602085
v -13.598878 -0.789535 26.889906
v -12.973070 -0.789535 25.094055
v -12.145511 -0.789535 23.312151
v -11.067967 -0.789535 22.186548
v -9.802132 -0.789535 21.526836
v -8.414753 -0.789535 21.211849
v -6.971003 -0.789535 21.189325
v -5.546380 -0.789535 21.298616
v -4.195205 -0.789535 21.487848
v -2.956936 -0.789535 21.701553
v -1.850847 -0.789535 21.889359
v -0.877704 -0.789535 22.012251
v -0.021413 -0.789535 22.050613
v -14.401514 -0.263178 32.767410
v -14.374413 -0.263178 31.655195
v -14.260517 -0.263178 30.256695
v -14.014193 -0.263178 28.612926
v -13.585766 -0.263178 26.905806
v -12.963518 -0.263178 25.114161
v -12.140666 -0.263178 23.334852
v -11.068327 -0.263178 22.212639
v -9.807886 -0.263178 21.555103
v -8.426237 -0.263178 21.234634
v -6.987437 -0.263178 21.204437
v -5.566426 -0.263178 21.305939
v -4.217050 -0.263178 21.488775
v -2.978546 -0.263178 21.699293
v -1.871644 -0.263178 21.886131
v -0.898392 -0.263178 22.001942
v -0.045875 -0.263178 22.001213
v -14.401514 0.263178 32.767410
v -14.374413 0.263178 31.655195
v -14.260517 0.263178 30.256695
v -14.014494 0.263178 28.610218
v -13.585773 0.263178 26.905745
v -12.963189 0.263178 25.117119
v -12.139994 0.263178 23.340893
v -11.067839 0.263178 22.217024
v -9.807882 0.263178 21.555130
v -8.426237 0.263178 21.234634
v -6.987437 0.263178 21.204437
v -5.566426 0.263178 21.305939
v -4.217050 0.263178 21.488775
v -2.978546 0.263178 21.699293
v -1.871644 0.263178 21.886131
v -0.898392 0.263178 22.001942
v -0.045875 0.263178 22.001213
v -14.417042 0.789534 32.780640
v -14.390234 0.789534 31.663670
v -14.276294 0.789534 30.258245
v -14.030632 0.789534 28.592907
v -13.598912 0.789534 26.889593
v -12.971986 0.789534 25.103804
v -12.143289 0.789534 23.332123
v -11.066342 0.789534 22.201151
v -9.802095 0.789534 21.527168
v -8.414753 0.789534 21.211849
v -6.971003 0.789534 21.189325
v -5.546380 0.789534 21.298616
v -4.195205 0.789534 21.487848
v -2.956936 0.789534 21.701553
v -1.850847 0.789534 21.889359
v -0.877704 0.789534 22.012251
v -0.020847 0.789534 22.055702
v -14.469366 1.315891 32.825203
v -14.443573 1.315891 31.692078
v -14.329425 1.315891 30.263863
v -14.080170 1.315891 28.587646
v -13.648867 1.315891 26.858536
v -13.017133 1.315891 25.068401
v -12.179657 1.315891 23.299183
v -11.095712 1.315891 22.127947
v -9.819118 1.315891 21.442417
v -8.417051 1.315891 21.128832
v -6.958948 1.315891 21.109236
v -5.521562 1.315891 21.222942
v -4.158836 1.315891 21.426840
v -2.910921 1.315891 21.659370
v -1.797683 1.315891 21.869717
v -0.817953 1.315891 22.027241
v 0.046637 1.315891 22.122757
v -14.564179 1.842247 32.905788
v -14.539877 1.842247 31.747047
v -14.428537 1.842247 30.318428
v -14.183649 1.842247 28.614679
v -13.750371 1.842247 26.821365
v -13.104617 1.842247 25.010586
v -12.244890 1.842247 23.231783
v -11.138687 1.842247 22.001608
v -9.832978 1.842247 21.292671
v -8.399099 1.842247 20.982693
v -6.909984 1.842247 20.990643
v -5.450233 1.842247 21.130238
v -4.074052 1.842247 21.345211
v -2.815636 1.842247 21.604702
v -1.695360 1.842247 21.843416
v -0.707111 1.842247 22.059475
v 0.154586 1.842247 22.112638
v -14.711979 2.368603 33.030979
v -14.692070 2.368603 31.864506
v -14.586209 2.368603 30.397139
v -14.341171 2.368603 28.631947
v -13.902132 2.368603 26.737038
v -13.230312 2.368603 24.903631
v -12.328720 2.368603 23.211039
v -11.199294 2.368603 21.894701
v -9.870306 2.368603 21.049139
v -8.394597 2.368603 20.751518
v -6.866091 2.368603 20.768921
v -5.367553 2.368603 20.940050
v -3.958535 2.368603 21.200800
v -2.678343 2.368603 21.496628
v -1.542804 2.368603 21.784719
v -0.549277 2.368603 22.002392
v 0.309049 2.368603 21.993561
v -14.929930 2.894959 33.214565
v -14.916775 2.894959 32.033218
v -14.817266 2.894959 30.499683
v -14.567369 2.894959 28.672539
v -14.120141 2.894959 26.702564
v -13.422682 2.894959 24.914774
v -12.486942 2.894959 23.142786
v -11.302599 2.894959 21.738743
v -9.906594 2.894959 20.842724
v -8.372812 2.894959 20.413422
v -6.776227 2.894959 20.481770
v -5.230539 2.894959 20.684612
v -3.784964 2.894959 20.988503
v -2.480082 2.894959 21.325125
v -1.329161 2.894959 21.649252
v -0.335229 2.894959 21.810274
v 0.518270 2.894959 21.710800
v 0.625046 -2.894959 24.670362
v -0.124580 -2.894959 24.925352
v -0.958529 -2.894959 24.933826
v -1.906643 -2.894959 24.749971
v -2.985899 -2.894959 24.433691
v -4.178637 -2.894959 24.174654
v -5.462261 -2.894959 23.997766
v -6.798876 -2.894959 23.935534
v -8.126188 -2.894959 24.021778
v -9.362817 -2.894959 24.393330
v -10.429723 -2.894959 25.211449
v -11.311684 -2.894959 26.177008
v -11.937031 -2.894959 27.671951
v -12.348006 -2.894959 29.324478
v -12.588566 -2.894959 30.838425
v -12.690345 -2.894959 32.143864
v -12.705980 -2.894959 33.213051
v 0.416350 -2.368603 24.399216
v -0.345730 -2.368603 24.532461
v -1.202479 -2.368603 24.446711
v -2.178830 -2.368603 24.193214
v -3.274585 -2.368603 23.928616
v -4.480528 -2.368603 23.716373
v -5.770424 -2.368603 23.582745
v -7.100073 -2.368603 23.546127
v -8.406156 -2.368603 23.680126
v -9.611605 -2.368603 24.138943
v -10.659379 -2.368603 24.934008
v -11.531599 -2.368603 25.891020
v -12.141637 -2.368603 27.537771
v -12.553456 -2.368603 29.176601
v -12.794919 -2.368603 30.669281
v -12.902777 -2.368603 31.956276
v -12.924888 -2.368603 33.027439
v 0.259224 -1.842247 24.128407
v -0.515600 -1.842247 24.177248
v -1.390253 -1.842247 24.029108
v -2.378646 -1.842247 23.795170
v -3.479470 -1.842247 23.599133
v -4.688686 -1.842247 23.423357
v -5.976710 -1.842247 23.323097
v -7.301116 -1.842247 23.318468
v -8.600770 -1.842247 23.458292
v -9.793279 -1.842247 23.965433
v -10.834842 -1.842247 24.754297
v -11.691359 -1.842247 25.755331
v -12.284272 -1.842247 27.447243
v -12.691543 -1.842247 29.071609
v -12.934075 -1.842247 30.549351
v -13.046959 -1.842247 31.829292
v -13.073689 -1.842247 32.901569
v 0.146759 -1.315891 23.878922
v -0.638902 -1.315891 23.866554
v -1.525223 -1.315891 23.694042
v -2.516315 -1.315891 23.538769
v -3.625018 -1.315891 23.373690
v -4.840728 -1.315891 23.220835
v -6.131306 -1.315891 23.129408
v -7.448634 -1.315891 23.150703
v -8.736635 -1.315891 23.315815
v -9.914133 -1.315891 23.854639
v -10.945418 -1.315891 24.629999
v -11.784679 -1.315891 25.696943
v -12.371902 -1.315891 27.380846
v -12.777311 -1.315891 28.997845
v -13.024192 -1.315891 30.478880
v -13.141030 -1.315891 31.764103
v -13.169274 -1.315891 32.820831
v 0.074716 -0.789535 23.659845
v -0.717433 -0.789535 23.608215
v -1.596817 -0.789535 23.534599
v -2.588564 -0.789535 23.413742
v -3.698599 -0.789535 23.267342
v -4.914741 -0.789535 23.129469
v -6.204402 -0.789535 23.048338
v -7.519862 -0.789535 23.071428
v -8.804682 -0.789535 23.238571
v -9.977161 -0.789535 23.792160
v -11.005678 -0.789535 24.566278
v -11.838005 -0.789535 25.679474
v -12.424852 -0.789535 27.363230
v -12.831187 -0.789535 28.979450
v -13.076537 -0.789535 30.452486
v -13.193029 -0.789535 31.728226
v -13.222055 -0.789535 32.776276
v 0.037952 -0.263178 23.464319
v -0.743216 -0.263178 23.524147
v -1.621662 -0.263178 23.481211
v -2.615799 -0.263178 23.366985
v -3.729041 -0.263178 23.221478
v -4.946867 -0.263178 23.088104
v -6.236618 -0.263178 23.013613
v -7.550774 -0.263178 23.044153
v -8.833135 -0.263178 23.218618
v -10.002413 -0.263178 23.778711
v -11.028311 -0.263178 24.550507
v -11.856157 -0.263178 25.678549
v -12.440733 -0.263178 27.361101
v -12.845573 -0.263178 28.974936
v -13.090202 -0.263178 30.444992
v -13.206588 -0.263178 31.717695
v -13.235842 -0.263178 32.763054
v 0.040094 0.263178 23.495073
v -0.740832 0.263178 23.547644
v -1.617755 0.263178 23.505770
v -2.610072 0.263178 23.392649
v -3.721287 0.263178 23.248175
v -4.936979 0.263178 23.115633
v -6.224593 0.263178 23.041656
v -7.536717 0.263178 23.072313
v -8.817241 0.263178 23.246468
v -9.985150 0.263178 23.804007
v -11.009288 0.263178 24.579185
v -11.837645 0.263178 25.692822
v -12.421905 0.263178 27.370951
v -12.826622 0.263178 28.980946
v -13.071243 0.263178 30.448011
v -13.187666 0.263178 31.718702
v -13.216953 0.263178 32.762981
v 0.078147 0.760592 23.735746
v -0.710337 0.760592 23.687347
v -1.585576 0.760592 23.611416
v -2.571471 0.760592 23.495447
v -3.675167 0.760592 23.352161
v -4.883645 0.760592 23.218365
v -6.166255 0.760592 23.139032
v -7.474936 0.760592 23.162649
v -8.753561 0.760592 23.328943
v -9.921416 0.760592 23.873777
v -10.943970 0.760592 24.659002
v -11.777586 0.760592 25.726824
v -12.363283 0.760592 27.395851
v -12.769139 0.760592 28.999224
v -13.014431 0.760592 30.462212
v -13.131042 0.760592 31.731125
v -13.160191 0.760592 32.775486
v 0.134335 1.188705 23.997425
v -0.645047 1.188705 23.982935
v -1.522230 1.188705 23.817371
v -2.501630 1.188705 23.675186
v -3.596874 1.188705 23.522890
v -4.798326 1.188705 23.376263
v -6.072783 1.188705 23.298676
v -7.375045 1.188705 23.321758
v -8.648863 1.188705 23.485729
v -9.815921 1.188705 24.002165
v -10.834832 1.188705 24.791019
v -11.673179 1.188705 25.790497
v -12.257979 1.188705 27.443195
v -12.662700 1.188705 29.033817
v -12.909410 1.188705 30.491379
v -13.026396 1.188705 31.759050
v -13.055151 1.188705 32.805168
v 0.200036 1.538338 24.279682
v -0.567327 1.538338 24.305271
v -1.431919 1.538338 24.144138
v -2.402588 1.538338 23.944895
v -3.483293 1.538338 23.776352
v -4.668285 1.538338 23.633289
v -5.929543 1.538338 23.543194
v -7.223783 1.538338 23.547050
v -8.493479 1.538338 23.698116
v -9.662188 1.538338 24.175798
v -10.678870 1.538338 24.978090
v -11.522331 1.538338 25.932913
v -12.115129 1.538338 27.514645
v -12.520982 1.538338 29.090160
v -12.764652 1.538338 30.535347
v -12.879239 1.538338 31.796818
v -12.907467 1.538338 32.844593
v 0.268891 1.793752 24.540159
v -0.486548 1.793752 24.607147
v -1.335227 1.793752 24.478708
v -2.295880 1.793752 24.235731
v -3.363440 1.793752 24.048452
v -4.537310 1.793752 23.883579
v -5.788464 1.793752 23.789747
v -7.073707 1.793752 23.791716
v -8.336668 1.793752 23.930429
v -9.503773 1.793752 24.365660
v -10.515211 1.793752 25.168903
v -11.352891 1.793752 26.135210
v -11.959281 1.793752 27.589348
v -12.366555 1.793752 29.157694
v -12.610244 1.793752 30.597525
v -12.723393 1.793752 31.851612
v -12.749245 1.793752 32.891167
v 0.918620 -3.421316 27.507515
v 0.249816 -3.421316 28.006166
v -0.410833 -3.421316 28.261505
v -1.109939 -3.421316 28.322268
v -1.889416 -3.421316 28.232197
v -2.772157 -3.421316 28.037851
v -3.755193 -3.421316 27.795258
v -4.805805 -3.421316 27.602060
v -5.867956 -3.421316 27.580854
v -6.884580 -3.421316 27.754898
v -7.809766 -3.421316 28.087143
v -8.597215 -3.421316 28.579388
v -9.180834 -3.421316 29.460522
v -9.575608 -3.421316 30.476906
v -9.809305 -3.421316 31.516258
v -9.908920 -3.421316 32.545105
v -9.920899 -3.421316 33.484825
v 0.848423 3.397789 29.688740
v 0.247708 3.397789 30.092319
v -0.259409 3.397789 30.305088
v -0.729644 3.397789 30.379585
v -1.218657 3.397789 30.349180
v -1.768197 3.397789 30.243174
v -2.396812 3.397789 30.091305
v -3.098293 3.397789 29.932604
v -3.844377 3.397789 29.815056
v -4.591689 3.397789 29.789215
v -5.294932 3.397789 29.886093
v -5.907276 3.397789 30.180523
v -6.396475 3.397789 30.627705
v -6.744304 3.397789 31.219984
v -6.957914 3.397789 31.915314
v -7.056581 3.397789 32.673698
v -7.070907 3.397789 33.478394
v -7.067859 -3.421316 33.483532
v -7.053635 -3.421316 32.675339
v -6.954891 -3.421316 31.916998
v -6.740067 -3.421316 31.225554
v -6.392239 -3.421316 30.633263
v -5.903189 -3.421316 30.186012
v -5.290740 -3.421316 29.894888
v -4.586847 -3.421316 29.802231
v -3.840210 -3.421316 29.828125
v -3.094929 -3.421316 29.945538
v -2.394307 -3.421316 30.103863
v -1.766508 -3.421316 30.255091
v -1.217623 -3.421316 30.360195
v -0.728974 -3.421316 30.389439
v -0.259012 -3.421316 30.314518
v 0.248713 -3.421316 30.099508
v 0.850563 -3.421316 29.693043
v -9.917773 3.397789 33.559868
v -9.926508 3.397789 32.692051
v -9.872526 3.397789 31.697605
v -9.695792 3.397789 30.624023
v -9.354753 3.397789 29.521534
v -8.828363 3.397789 28.443945
v -8.097225 3.397789 27.633720
v -7.173374 3.397789 27.250973
v -6.132524 3.397789 27.049570
v -5.031825 3.397789 27.048494
v -3.933432 3.397789 27.227211
v -2.893849 3.397789 27.520943
v -1.958338 3.397789 27.784832
v -1.137016 3.397789 27.956669
v -0.411881 3.397789 27.987873
v 0.257264 3.397789 27.835167
v 0.920645 3.397789 27.446392
v -9.607509 -2.894959 33.210438
v -9.586512 -2.894959 32.314522
v -9.478004 -2.894959 31.358891
v -9.239228 -2.894959 30.382126
v -8.847742 -2.894959 29.449989
v -8.279011 -2.894959 28.757057
v -7.544587 -2.894959 28.262297
v -6.677538 -2.894959 27.934687
v -5.721447 -2.894959 27.768055
v -4.727786 -2.894959 27.746412
v -3.744417 -2.894959 27.880274
v -2.815942 -2.894959 28.110718
v -1.975002 -2.894959 28.311695
v -1.228574 -2.894959 28.433807
v -0.561325 -2.894959 28.437717
v 0.060246 -2.894959 28.287767
v 0.679063 -2.894959 27.941250
v -9.390494 -2.368603 33.019913
v -9.362323 -2.368603 32.152519
v -9.247906 -2.368603 31.245644
v -9.009603 -2.368603 30.327066
v -8.621634 -2.368603 29.464081
v -8.058012 -2.368603 28.867428
v -7.351810 -2.368603 28.394773
v -6.529858 -2.368603 28.052317
v -5.626259 -2.368603 27.841301
v -4.683312 -2.368603 27.782286
v -3.748364 -2.368603 27.844196
v -2.854254 -2.368603 28.055206
v -2.038371 -2.368603 28.275591
v -1.312750 -2.368603 28.430361
v -0.665971 -2.368603 28.483086
v -0.069259 -2.368603 28.402147
v 0.516828 -2.368603 28.151966
v -9.243390 -1.842247 32.890179
v -9.210019 -1.842247 32.043648
v -9.090928 -1.842247 31.165888
v -8.852665 -1.842247 30.284954
v -8.465953 -1.842247 29.510633
v -7.920705 -1.842247 28.916147
v -7.236221 -1.842247 28.441795
v -6.437784 -1.842247 28.094822
v -5.560600 -1.842247 27.886707
v -4.649564 -1.842247 27.791517
v -3.746859 -1.842247 27.801804
v -2.884911 -1.842247 27.937916
v -2.087675 -1.842247 28.166637
v -1.376075 -1.842247 28.341324
v -0.741707 -1.842247 28.427298
v -0.159640 -1.842247 28.395004
v 0.406254 -1.842247 28.212751
v -9.149065 -1.315891 32.806747
v -9.114020 -1.315891 31.979282
v -8.991109 -1.315891 31.115999
v -8.749863 -1.315891 30.253906
v -8.363708 -1.315891 29.530233
v -7.829022 -1.315891 28.939743
v -7.159754 -1.315891 28.466969
v -6.379738 -1.315891 28.120874
v -5.524559 -1.315891 27.892956
v -4.636069 -1.315891 27.766384
v -3.755282 -1.315891 27.728813
v -2.916308 -1.315891 27.772648
v -2.132236 -1.315891 27.974102
v -1.426821 -1.315891 28.175060
v -0.798443 -1.315891 28.294857
v -0.224214 -1.315891 28.304764
v 0.330161 -1.315891 28.174952
v -9.097033 -0.789535 32.760635
v -9.061127 -0.789535 31.943539
v -8.938334 -0.789535 31.092930
v -8.698637 -0.789535 30.242516
v -8.311254 -0.789535 29.544195
v -7.779410 -0.789535 28.961740
v -7.115917 -0.789535 28.491573
v -6.344589 -0.789535 28.140259
v -5.499957 -0.789535 27.902803
v -4.622833 -0.789535 27.763744
v -3.754509 -0.789535 27.700260
v -2.929191 -0.789535 27.698053
v -2.168550 -0.789535 27.754158
v -1.467164 -0.789535 27.973995
v -0.841758 -0.789535 28.118689
v -0.270744 -0.789535 28.159603
v 0.278891 -0.789535 28.067444
v -9.083477 -0.263178 32.746952
v -9.047325 -0.263178 31.932810
v -8.924576 -0.263178 31.085741
v -8.685459 -0.263178 30.239187
v -8.299203 -0.263178 29.545807
v -7.769835 -0.263178 28.961861
v -7.109444 -0.263178 28.488762
v -6.341554 -0.263178 28.133221
v -5.500322 -0.263178 27.890617
v -4.626184 -0.263178 27.746086
v -3.760137 -0.263178 27.677502
v -2.937570 -0.263178 27.659460
v -2.182760 -0.263178 27.666859
v -1.501731 -0.263178 27.706736
v -0.874009 -0.263178 27.879391
v -0.301171 -0.263178 27.951405
v 0.249413 -0.263178 27.893017
v -9.102364 0.263178 32.747028
v -9.066240 0.263178 31.931858
v -8.943511 0.263178 31.082937
v -8.704350 0.263178 30.233713
v -8.318027 0.263178 29.535992
v -7.787963 0.263178 28.951050
v -7.126579 0.263178 28.477055
v -6.357384 0.263178 28.120796
v -5.514554 0.263178 27.877703
v -4.638574 0.263178 27.732903
v -3.770518 0.263178 27.664223
v -2.945870 0.263178 27.646196
v -2.189016 0.263178 27.653624
v -1.505349 0.263178 27.700016
v -0.876049 0.263178 27.871616
v -0.301934 0.263178 27.942482
v 0.249561 0.263178 27.882839
v -9.158906 0.760592 32.760292
v -9.123085 0.760592 31.939909
v -9.000357 0.760592 31.083294
v -8.760538 0.760592 30.224161
v -8.373135 0.760592 29.510195
v -7.839070 0.760592 28.924435
v -7.172389 0.760592 28.451292
v -6.396846 0.760592 28.097607
v -5.547020 0.760592 27.858532
v -4.663876 0.760592 27.718615
v -3.788951 0.760592 27.654892
v -2.957203 0.760592 27.648922
v -2.191416 0.760592 27.691151
v -1.483414 0.760592 27.912952
v -0.852185 0.760592 28.059525
v -0.276441 0.760592 28.101917
v 0.276585 0.760592 28.010666
v -9.263435 1.188705 32.791508
v -9.228296 1.188705 31.960278
v -9.105556 1.188705 31.088125
v -8.863007 1.188705 30.221670
v -8.477131 1.188705 29.465662
v -7.938547 1.188705 28.870787
v -7.264595 1.188705 28.389744
v -6.479131 1.188705 28.030043
v -5.616260 1.188705 27.795834
v -4.718053 1.188705 27.668739
v -3.827631 1.188705 27.619354
v -2.979131 1.188705 27.643534
v -2.186671 1.188705 27.813627
v -1.469079 1.188705 28.022789
v -0.829931 1.188705 28.151653
v -0.247321 1.188705 28.170952
v 0.312178 1.188705 28.050776
v -9.410470 1.538338 32.832901
v -9.376255 1.538338 31.986839
v -9.254587 1.538338 31.104862
v -9.013792 1.538338 30.211666
v -8.628951 1.538338 29.384745
v -8.080109 1.538338 28.786106
v -7.391629 1.538338 28.307003
v -6.588049 1.538338 27.955242
v -5.705660 1.538338 27.725445
v -4.787562 1.538338 27.601879
v -3.875500 1.538338 27.582748
v -3.006425 1.538338 27.642920
v -2.193007 1.538338 27.862671
v -1.462615 1.538338 28.059067
v -0.812062 1.538338 28.170307
v -0.218890 1.538338 28.166348
v 0.350863 1.538338 28.016251
v -9.567966 1.793752 32.881504
v -9.536103 1.793752 32.026878
v -9.416454 1.793752 31.119877
v -9.174470 1.793752 30.198261
v -8.787263 1.793752 29.317789
v -8.229207 1.793752 28.701586
v -7.529398 1.793752 28.210365
v -6.710352 1.793752 27.849548
v -5.809086 1.793752 27.614939
v -4.867245 1.793752 27.515186
v -3.932360 1.793752 27.504871
v -3.037785 1.793752 27.605822
v -2.203847 1.793752 27.844744
v -1.457962 1.793752 28.037090
v -0.794285 1.793752 28.137592
v -0.189200 1.793752 28.114183
v 0.392379 1.793752 27.935068
v 0.642803 -2.894959 29.614174
v 0.104720 -2.894959 29.908379
v -0.377264 -2.894959 30.044563
v -0.854694 -2.894959 30.064081
v -1.371876 -2.894959 29.994678
v -1.957419 -2.894959 29.861389
v -2.619617 -2.894959 29.694605
v -3.348309 -2.894959 29.519501
v -4.114366 -2.894959 29.388056
v -4.870839 -2.894959 29.392002
v -5.572401 -2.894959 29.565647
v -6.180322 -2.894959 29.907743
v -6.667502 -2.894959 30.392809
v -7.025287 -2.894959 30.985233
v -7.252953 -2.894959 31.664820
v -7.360967 -2.894959 32.417206
v -7.383655 -2.894959 33.208199
v 0.505111 -2.368603 29.487309
v -0.002072 -2.368603 29.706076
v -0.476941 -2.368603 29.784748
v -0.965654 -2.368603 29.756496
v -1.505409 -2.368603 29.645746
v -2.117839 -2.368603 29.477226
v -2.805707 -2.368603 29.282120
v -3.553057 -2.368603 29.099831
v -4.322642 -2.368603 29.028828
v -5.072356 -2.368603 29.125904
v -5.766473 -2.368603 29.362225
v -6.374087 -2.368603 29.721714
v -6.867306 -2.368603 30.209270
v -7.229215 -2.368603 30.805817
v -7.459548 -2.368603 31.491398
v -7.573775 -2.368603 32.237606
v -7.603472 -2.368603 33.015839
v 0.410681 -1.842247 29.327541
v -0.081959 -1.842247 29.489416
v -0.557733 -1.842247 29.524033
v -1.058262 -1.842247 29.460381
v -1.615324 -1.842247 29.321671
v -2.245503 -1.842247 29.132984
v -2.948423 -1.842247 28.922087
v -3.702459 -1.842247 28.770950
v -4.468901 -1.842247 28.789223
v -5.217080 -1.842247 28.937653
v -5.911064 -1.842247 29.201210
v -6.516219 -1.842247 29.581944
v -7.006111 -1.842247 30.080215
v -7.366656 -1.842247 30.687063
v -7.598838 -1.842247 31.375484
v -7.717311 -1.842247 32.124046
v -7.752952 -1.842247 32.885536
v 0.343725 -1.315891 29.153034
v -0.142605 -1.315891 29.268160
v -0.621315 -1.315891 29.262272
v -1.131453 -1.315891 29.162434
v -1.701808 -1.315891 28.991592
v -2.346183 -1.315891 28.775434
v -3.058718 -1.315891 28.570789
v -3.805372 -1.315891 28.550388
v -4.568590 -1.315891 28.629227
v -5.312898 -1.315891 28.816290
v -6.002420 -1.315891 29.106600
v -6.603250 -1.315891 29.508255
v -7.090405 -1.315891 30.019653
v -7.450831 -1.315891 30.629717
v -7.688019 -1.315891 31.311766
v -7.812028 -1.315891 32.046371
v -7.849013 -1.315891 32.802006
v 0.296925 -0.789535 28.974754
v -0.188463 -0.789535 29.054577
v -0.670759 -0.789535 29.017647
v -1.187315 -0.789535 28.890530
v -1.765081 -0.789535 28.696491
v -2.416481 -0.789535 28.459961
v -3.115574 -0.789535 28.411806
v -3.859049 -0.789535 28.444923
v -4.620089 -0.789535 28.557678
v -5.363868 -0.789535 28.756399
v -6.052819 -0.789535 29.055990
v -6.653640 -0.789535 29.463572
v -7.141730 -0.789535 29.977026
v -7.504066 -0.789535 30.585228
v -7.740567 -0.789535 31.269281
v -7.864414 -0.789535 32.003681
v -7.902083 -0.789535 32.755939
v 0.270157 -0.263178 28.789143
v -0.216975 -0.263178 28.835655
v -0.702741 -0.263178 28.767010
v -1.224014 -0.263178 28.610184
v -1.807169 -0.263178 28.389151
v -2.439659 -0.263178 28.348282
v -3.135368 -0.263178 28.353745
v -3.878739 -0.263178 28.404995
v -4.640286 -0.263178 28.523090
v -5.383777 -0.263178 28.727377
v -6.071877 -0.263178 29.032230
v -6.671591 -0.263178 29.444321
v -7.158606 -0.263178 29.961224
v -7.520124 -0.263178 30.571665
v -7.756186 -0.263178 31.256739
v -7.879975 -0.263178 31.991037
v -7.917841 -0.263178 32.742271
v 0.270688 0.263178 28.793921
v -0.216312 0.263178 28.841616
v -0.701930 0.263178 28.774298
v -1.223042 0.263178 28.618921
v -1.806028 0.263178 28.399412
v -2.439659 0.263178 28.348282
v -3.135368 0.263178 28.353745
v -3.878739 0.263178 28.404995
v -4.640286 0.263178 28.523090
v -5.383777 0.263178 28.727377
v -6.071877 0.263178 29.032230
v -6.671591 0.263178 29.444321
v -7.158606 0.263178 29.961224
v -7.520124 0.263178 30.571665
v -7.756186 0.263178 31.256739
v -7.879975 0.263178 31.991037
v -7.917841 0.263178 32.742271
v 0.297320 0.789534 28.978302
v -0.187958 0.789534 29.059114
v -0.670126 0.789534 29.023335
v -1.186538 0.789534 28.897511
v -1.764150 0.789534 28.704863
v -2.415390 0.789534 28.469767
v -3.115574 0.789534 28.411806
v -3.859049 0.789534 28.444923
v -4.620089 0.789534 28.557678
v -5.363868 0.789534 28.756399
v -6.052819 0.789534 29.055990
v -6.653640 0.789534 29.463572
v -7.141730 0.789534 29.977026
v -7.504066 0.789534 30.585228
v -7.740567 0.789534 31.269281
v -7.864414 0.789534 32.003681
v -7.902083 0.789534 32.755939
v 0.343964 1.315891 29.155182
v -0.142280 1.315891 29.271086
v -0.620884 1.315891 29.266150
v -1.130898 1.315891 29.167425
v -1.701115 1.315891 28.997824
v -2.345343 1.315891 28.782986
v -3.058718 1.315891 28.570789
v -3.805372 1.315891 28.550388
v -4.568590 1.315891 28.629227
v -5.312898 1.315891 28.816290
v -6.002420 1.315891 29.106600
v -6.603249 1.315891 29.508259
v -7.090405 1.315891 30.019653
v -7.450831 1.315891 30.629717
v -7.688019 1.315891 31.311766
v -7.812028 1.315891 32.046371
v -7.849013 1.315891 32.802006
v 0.410753 1.842247 29.328188
v -0.081827 1.842247 29.490602
v -0.557520 1.842247 29.525940
v -1.057950 1.842247 29.463188
v -1.614894 1.842247 29.325539
v -2.244942 1.842247 29.138025
v -2.947726 1.842247 28.928356
v -3.702459 1.842247 28.770950
v -4.468901 1.842247 28.789223
v -5.217080 1.842247 28.937653
v -5.911064 1.842247 29.201210
v -6.516219 1.842247 29.581944
v -7.006111 1.842247 30.080215
v -7.366656 1.842247 30.687063
v -7.598838 1.842247 31.375484
v -7.717311 1.842247 32.124046
v -7.752952 1.842247 32.885536
v 0.505014 2.368603 29.486439
v -0.002140 2.368603 29.705473
v -0.476958 2.368603 29.784599
v -0.965597 2.368603 29.757004
v -1.505259 2.368603 29.647095
v -2.117578 2.368603 29.479572
v -2.805325 2.368603 29.285561
v -3.552550 2.368603 29.104383
v -4.322642 2.368603 29.028828
v -5.072356 2.368603 29.125904
v -5.766473 2.368603 29.362225
v -6.374087 2.368603 29.721714
v -6.867306 2.368603 30.209270
v -7.229215 2.368603 30.805817
v -7.459548 2.368603 31.491398
v -7.573775 2.368603 32.237606
v -7.603472 2.368603 33.015839
v 0.642549 2.894959 29.611889
v 0.104461 2.894959 29.906054
v -0.377506 2.894959 30.042381
v -0.854897 2.894959 30.062252
v -1.372016 2.894959 29.993420
v -1.957474 2.894959 29.860891
v -2.619571 2.894959 29.695015
v -3.348153 2.894959 29.520901
v -4.114100 2.894959 29.390442
v -4.870839 2.894959 29.392002
v -5.572401 2.894959 29.565647
v -6.180322 2.894959 29.907743
v -6.667502 2.894959 30.392809
v -7.025287 2.894959 30.985233
v -7.252953 2.894959 31.664820
v -7.360967 2.894959 32.417206
v -7.383655 2.894959 33.208199
v 0.392611 2.090881 24.980505
v -0.343986 2.090881 25.116371
v -1.164647 2.090881 25.045866
v -2.095243 2.090881 24.816317
v -3.136938 2.090881 24.578283
v -4.280918 2.090881 24.404018
v -5.506301 2.090881 24.291996
v -6.770139 2.090881 24.282810
v -8.021020 2.090881 24.409882
v -9.191591 2.090881 24.738804
v -10.197222 2.090881 25.547297
v -11.029055 2.090881 26.529919
v -11.645259 2.090881 27.824581
v -12.057213 2.090881 29.285683
v -12.298009 2.090881 30.707241
v -12.407477 2.090881 31.948215
v -12.430567 2.090881 32.984669
v 0.484730 2.281107 25.502176
v -0.230994 2.281107 25.692631
v -1.019360 2.281107 25.671555
v -1.909793 2.281107 25.485308
v -2.915493 2.281107 25.210423
v -4.020496 2.281107 25.015095
v -5.206553 2.281107 24.899508
v -6.434780 2.281107 24.878672
v -7.649762 2.281107 24.995005
v -8.791388 2.281107 25.282475
v -9.776523 2.281107 26.009022
v -10.583802 2.281107 26.984470
v -11.192592 2.281107 28.175686
v -11.605187 2.281107 29.486031
v -11.859113 2.281107 30.785988
v -11.972463 2.281107 32.009548
v -11.997350 2.281107 33.053581
v 0.542395 2.364430 26.099747
v -0.148171 2.364430 26.335562
v -0.897074 2.364430 26.360197
v -1.737092 2.364430 26.218365
v -2.688493 2.364430 25.956512
v -3.740939 2.364430 25.726923
v -4.872197 2.364430 25.597902
v -6.046429 2.364430 25.584457
v -7.215338 2.364430 25.685232
v -8.318875 2.364430 25.945904
v -9.290921 2.364430 26.501953
v -10.079936 2.364430 27.427021
v -10.678687 2.364430 28.530361
v -11.088680 2.364430 29.722134
v -11.330687 2.364430 30.911041
v -11.446596 2.364430 32.072189
v -11.471832 2.364430 33.092163
v 0.557961 2.364430 26.767307
v -0.102580 2.364430 27.023848
v -0.805887 2.364430 27.078865
v -1.587354 2.364430 26.974384
v -2.470523 2.364430 26.752064
v -3.455663 2.364430 26.497719
v -4.514557 2.364430 26.365765
v -5.618484 2.364430 26.340807
v -6.720332 2.364430 26.442593
v -7.766858 2.364430 26.682251
v -8.706169 2.364430 27.084610
v -9.469585 2.364430 27.886904
v -10.052962 2.364430 28.870308
v -10.456867 2.364430 29.943260
v -10.698068 2.364430 31.034100
v -10.816374 2.364430 32.111168
v -10.842762 2.364430 33.091110
v 0.530840 2.281107 27.286558
v -0.102009 2.281107 27.533367
v -0.766987 2.281107 27.593405
v -1.500476 2.281107 27.505632
v -2.327254 2.281107 27.307590
v -3.252971 2.281107 27.049280
v -4.248042 2.281107 26.917562
v -5.287176 2.281107 26.893030
v -6.326350 2.281107 26.998411
v -7.317257 2.281107 27.230602
v -8.209483 2.281107 27.611439
v -8.956630 2.281107 28.198133
v -9.518386 2.281107 29.127859
v -9.914395 2.281107 30.123974
v -10.168374 2.281107 31.123301
v -10.288546 2.281107 32.121922
v -10.317685 2.281107 33.050327
v 0.472918 2.090881 27.688807
v -0.132808 2.090881 27.911747
v -0.763636 2.090881 27.963455
v -1.455813 2.090881 27.879662
v -2.234198 2.090881 27.694317
v -3.106055 2.090881 27.447546
v -4.044046 2.090881 27.320446
v -5.024513 2.090881 27.306238
v -6.012078 2.090881 27.403034
v -6.958929 2.090881 27.616814
v -7.815512 2.090881 27.981998
v -8.543741 2.090881 28.490402
v -9.103966 2.090881 29.256046
v -9.495930 2.090881 30.194078
v -9.739970 2.090881 31.153111
v -9.856601 2.090881 32.097633
v -9.885327 2.090881 32.978531
v -12.011480 3.397789 33.620407
v -12.021910 3.397789 32.705765
v -11.972406 3.397789 31.553150
v -11.797260 3.397789 30.193897
v -11.440848 3.397789 28.721436
v -10.856868 3.397789 27.350121
v -10.038442 3.397789 26.159914
v -9.015715 3.397789 25.121346
v -7.801452 3.397789 24.584385
v -6.467207 3.397789 24.514544
v -5.118662 3.397789 24.612583
v -3.820832 3.397789 24.871199
v -2.623217 3.397789 25.245968
v -1.564037 3.397789 25.550579
v -0.641821 3.397789 25.697632
v 0.171700 3.397789 25.626707
v 0.917281 3.397789 25.277761
v -11.615289 3.397789 33.638702
v -11.625853 3.397789 32.728203
v -11.575935 3.397789 31.599270
v -11.399977 3.397789 30.286657
v -11.039147 3.397789 28.929226
v -10.459989 3.397789 27.647226
v -9.656374 3.397789 26.502090
v -8.657789 3.397789 25.489002
v -7.457475 3.397789 25.135582
v -6.162426 3.397789 25.083174
v -4.858743 3.397789 25.193932
v -3.608283 3.397789 25.465969
v -2.460223 3.397789 25.828259
v -1.448701 3.397789 26.098068
v -0.566447 3.397789 26.207134
v 0.218351 3.397789 26.097481
v 0.949099 3.397789 25.711580
v -11.191861 3.397789 33.662552
v -11.202641 3.397789 32.755936
v -11.152149 3.397789 31.653805
v -10.971287 3.397789 30.427055
v -10.610231 3.397789 29.155247
v -10.036308 3.397789 27.951767
v -9.250074 3.397789 26.836025
v -8.265302 3.397789 25.954380
v -7.088733 3.397789 25.716694
v -5.837086 3.397789 25.671490
v -4.580777 3.397789 25.806168
v -3.380965 3.397789 26.099327
v -2.288680 3.397789 26.430365
v -1.329058 3.397789 26.658791
v -0.489129 3.397789 26.725338
v 0.266621 3.397789 26.576025
v 0.983762 3.397789 26.151514
v -11.103166 3.397789 33.660797
v -11.113884 3.397789 32.756081
v -11.063065 3.397789 31.661980
v -10.881989 3.397789 30.448683
v -10.521523 3.397789 29.192940
v -9.949766 3.397789 28.004421
v -9.168319 3.397789 26.895588
v -8.186090 3.397789 26.057171
v -7.017783 3.397789 25.826183
v -5.776401 3.397789 25.781269
v -4.530736 3.397789 25.919579
v -3.341712 3.397789 26.216015
v -2.260646 3.397789 26.541306
v -1.311060 3.397789 26.763626
v -0.479351 3.397789 26.824768
v 0.270536 3.397789 26.671463
v 0.984588 3.397789 26.244652
v -10.681016 3.397789 33.620190
v -10.690943 3.397789 32.729504
v -10.638844 3.397789 31.672915
v -10.458298 3.397789 30.521292
v -10.101854 3.397789 29.347147
v -9.547688 3.397789 28.198853
v -8.793806 3.397789 27.126348
v -7.828146 3.397789 26.505627
v -6.706903 3.397789 26.285570
v -5.518909 3.397789 26.237503
v -4.326458 3.397789 26.387714
v -3.189037 3.397789 26.695553
v -2.158978 3.397789 26.998627
v -1.253739 3.397789 27.204708
v -0.459043 3.397789 27.256720
v 0.262634 3.397789 27.104416
v 0.958976 3.397789 26.693371
v -10.285860 3.397789 33.586212
v -10.295123 3.397789 32.707851
v -10.242000 3.397789 31.684191
v -10.061958 3.397789 30.587557
v -9.713027 3.397789 29.455223
v -9.173403 3.397789 28.342819
v -8.443639 3.397789 27.306860
v -7.490607 3.397789 26.902271
v -6.412285 3.397789 26.690161
v -5.270594 3.397789 26.662785
v -4.128284 3.397789 26.816479
v -3.040251 3.397789 27.125662
v -2.058537 3.397789 27.408028
v -1.195966 3.397789 27.596594
v -0.436612 3.397789 27.638771
v 0.258214 3.397789 27.488480
v 0.937428 3.397789 27.091892
vn -0.0000 1.0000 -0.0000
vn -0.0000 -0.4599 0.8880
vn -0.0000 -1.0000 -0.0000
vn 0.8984 -0.4379 -0.0334
vn -0.4540 -0.5426 -0.7067
vn -0.4597 0.5271 -0.7147
vn -0.4012 0.3880 -0.8298
vn -0.3084 0.2007 -0.9298
vn -0.2204 0.0309 -0.9749
vn -0.1529 -0.1078 -0.9823
vn -0.1636 -0.1550 -0.9743
vn -0.2006 0.0047 -0.9797
vn -0.1610 0.1589 -0.9741
vn -0.1542 0.1059 -0.9823
vn -0.2214 -0.0329 -0.9746
vn -0.3090 -0.2026 -0.9292
vn -0.4012 -0.3894 -0.8291
vn 0.8746 0.4845 -0.0197
vn 0.9305 0.3655 -0.0227
vn 0.9614 0.2738 -0.0256
vn 0.9809 0.1925 -0.0287
vn 0.9924 0.1189 -0.0308
vn 0.9981 0.0522 -0.0315
vn 0.9995 -0.0007 -0.0315
vn 0.9981 -0.0521 -0.0315
vn 0.9933 -0.1117 -0.0296
vn 0.9839 -0.1768 -0.0256
vn 0.9655 -0.2589 -0.0272
vn 0.9267 -0.3729 -0.0471
vn 0.0170 0.5129 0.8583
vn 0.0183 0.3831 0.9235
vn 0.0191 0.2711 0.9624
vn 0.0195 0.1779 0.9839
vn 0.0197 0.0993 0.9949
vn 0.0198 0.0296 0.9994
vn 0.0198 -0.0000 0.9998
vn 0.0197 -0.0298 0.9994
vn 0.0213 -0.0917 0.9956
vn 0.0241 -0.1602 0.9868
vn 0.0184 -0.2518 0.9676
vn -0.0146 -0.3820 0.9240
vn 0.8607 0.5087 -0.0198
vn 0.9245 0.3807 -0.0176
vn 0.9627 0.2700 -0.0157
vn 0.9840 0.1775 -0.0144
vn 0.9950 0.0992 -0.0136
vn 0.9996 0.0260 -0.0132
vn 0.9993 -0.0359 -0.0131
vn 0.9935 -0.1132 -0.0131
vn 0.9712 -0.2378 -0.0131
vn 0.9214 -0.3884 -0.0129
vn 0.8506 -0.5256 -0.0125
vn 0.8518 -0.5236 -0.0189
vn 0.0351 -0.4599 0.8873
vn 0.9123 -0.4071 0.0437
vn -0.6648 0.3088 -0.6802
vn -0.6341 0.1762 -0.7529
vn -0.5738 0.0325 -0.8183
vn -0.5054 -0.0883 -0.8584
vn -0.4409 -0.1870 -0.8779
vn -0.3809 -0.2826 -0.8803
vn -0.3726 -0.0189 -0.9278
vn -0.3874 0.2204 -0.8952
vn -0.4394 0.0863 -0.8941
vn -0.4795 -0.0742 -0.8744
vn -0.5023 -0.2346 -0.8323
vn 0.8858 0.4634 0.0243
vn 0.9389 0.3431 0.0279
vn 0.9701 0.2411 0.0279
vn 0.9857 0.1667 0.0248
vn 0.9938 0.1094 0.0211
vn 0.9981 0.0586 0.0182
vn 0.9999 -0.0009 0.0169
vn 0.9981 -0.0583 0.0181
vn 0.9946 -0.1020 0.0186
vn 0.9885 -0.1502 0.0174
vn 0.9746 -0.2227 0.0242
vn 0.9395 -0.3370 0.0617
vn 0.0199 -0.0298 0.9994
vn 0.0182 -0.0917 0.9956
vn 0.0150 -0.1602 0.9870
vn 0.0200 -0.2518 0.9676
vn 0.0512 -0.3820 0.9227
vn 0.8601 0.5098 -0.0190
vn 0.9239 0.3824 -0.0161
vn 0.9624 0.2714 -0.0139
vn 0.9839 0.1785 -0.0124
vn 0.9949 0.0998 -0.0115
vn 0.9995 0.0298 -0.0111
vn 0.9999 -0.0000 -0.0110
vn 0.9995 -0.0298 -0.0111
vn 0.9949 -0.0998 -0.0115
vn 0.9839 -0.1785 -0.0124
vn 0.9624 -0.2714 -0.0139
vn 0.9239 -0.3824 -0.0161
vn 0.0272 -0.4260 0.9043
vn 0.9223 -0.3861 0.0179
vn -0.0076 -0.3832 0.9236
vn 0.9336 -0.3578 -0.0179
vn -0.6826 -0.7308 0.0101
vn 0.6829 -0.7304 -0.0108
vn 0.4026 -0.9153 -0.0069
vn 0.1567 -0.9876 -0.0028
vn -0.1566 -0.9877 0.0027
vn -0.4022 -0.9155 0.0066
vn 0.9315 -0.3637 0.0004
vn 0.9338 -0.3575 -0.0142
vn 0.9335 -0.3567 -0.0370
vn 0.9320 -0.3623 -0.0045
vn 0.9404 -0.3388 0.0294
vn 0.9371 -0.3491 0.0059
vn 0.0442 -0.3832 0.9226
vn 0.0181 -0.3784 0.9255
vn -0.0139 -0.3737 0.9274
vn 0.0183 -0.3890 0.9211
vn 0.0507 -0.3737 0.9262
vn 0.0186 -0.3784 0.9255
vn 0.9162 -0.4002 -0.0214
vn 0.8970 -0.4415 -0.0215
vn 0.8735 -0.4842 -0.0499
vn 0.8705 -0.4922 -0.0039
vn 0.8931 -0.4478 0.0418
vn 0.9042 -0.4269 0.0163
vn 0.0087 -0.4260 0.9047
vn 0.0046 -0.4694 0.8830
vn -0.0310 -0.5021 0.8642
vn 0.0168 -0.5289 0.8485
vn 0.0652 -0.5021 0.8623
vn 0.0303 -0.4694 0.8825
vn -0.3170 -0.8453 -0.4301
vn -0.1696 -0.8782 -0.4473
vn -0.0391 -0.8902 -0.4539
vn 0.0550 -0.8876 -0.4574
vn 0.1100 -0.8809 -0.4604
vn 0.1305 -0.8759 -0.4644
vn 0.0602 -0.8912 -0.4496
vn 0.0082 -0.9045 -0.4264
vn -0.0397 -0.9164 -0.3983
vn -0.0856 -0.9243 -0.3719
vn -0.1406 -0.9336 -0.3296
vn -0.2095 -0.9362 -0.2823
vn -0.3181 -0.9244 -0.2105
vn -0.3798 -0.9120 -0.1547
vn -0.3977 -0.9119 -0.1011
vn -0.4037 -0.9136 -0.0492
vn -0.4040 -0.9146 -0.0129
vn -0.1244 -0.9790 -0.1613
vn -0.0627 -0.9849 -0.1612
vn -0.0135 -0.9870 -0.1601
vn 0.0203 -0.9870 -0.1597
vn 0.0392 -0.9864 -0.1596
vn 0.0435 -0.9858 -0.1620
vn 0.0202 -0.9873 -0.1577
vn 0.0035 -0.9885 -0.1511
vn -0.0135 -0.9901 -0.1400
vn -0.0294 -0.9914 -0.1271
vn -0.0478 -0.9926 -0.1118
vn -0.0860 -0.9919 -0.0936
vn -0.1189 -0.9904 -0.0712
vn -0.1323 -0.9899 -0.0512
vn -0.1450 -0.9888 -0.0344
vn -0.1540 -0.9879 -0.0177
vn -0.1565 -0.9877 -0.0046
vn 0.0956 -0.9863 0.1342
vn 0.0390 -0.9909 0.1287
vn 0.0003 -0.9923 0.1241
vn -0.0230 -0.9924 0.1211
vn -0.0331 -0.9921 0.1207
vn -0.0240 -0.9923 0.1218
vn -0.0130 -0.9923 0.1229
vn -0.0017 -0.9929 0.1187
vn 0.0103 -0.9936 0.1126
vn 0.0257 -0.9941 0.1052
vn 0.0608 -0.9938 0.0928
vn 0.0932 -0.9926 0.0783
vn 0.1150 -0.9915 0.0605
vn 0.1347 -0.9899 0.0443
vn 0.1475 -0.9886 0.0294
vn 0.1535 -0.9880 0.0148
vn 0.1562 -0.9877 0.0038
vn 0.2011 -0.9250 0.3222
vn 0.0707 -0.9465 0.3148
vn -0.0174 -0.9522 0.3051
vn -0.0679 -0.9524 0.2972
vn -0.0755 -0.9505 0.3015
vn -0.0510 -0.9493 0.3103
vn -0.0293 -0.9502 0.3101
vn -0.0037 -0.9529 0.3032
vn 0.0287 -0.9563 0.2909
vn 0.0729 -0.9591 0.2734
vn 0.1718 -0.9596 0.2228
vn 0.2229 -0.9568 0.1866
vn 0.2792 -0.9503 0.1376
vn 0.3337 -0.9374 0.0993
vn 0.3737 -0.9250 0.0679
vn 0.3941 -0.9184 0.0356
vn 0.4002 -0.9164 0.0092
vn 0.2673 -0.8090 0.5234
vn 0.0700 -0.8543 0.5150
vn -0.0591 -0.8665 0.4956
vn -0.1217 -0.8648 0.4871
vn -0.1007 -0.8606 0.4993
vn -0.0757 -0.8525 0.5172
vn -0.0431 -0.8538 0.5188
vn -0.0015 -0.8578 0.5140
vn 0.0525 -0.8662 0.4969
vn 0.1581 -0.8609 0.4836
vn 0.3236 -0.8552 0.4049
vn 0.3907 -0.8575 0.3347
vn 0.5282 -0.8160 0.2349
vn 0.6265 -0.7608 0.1694
vn 0.6639 -0.7394 0.1124
vn 0.6755 -0.7349 0.0603
vn 0.6809 -0.7322 0.0161
vn -0.4771 -0.5190 -0.7092
vn -0.2700 -0.5398 -0.7973
vn -0.0515 -0.5292 -0.8470
vn 0.1175 -0.4888 -0.8644
vn 0.2159 -0.4410 -0.8711
vn 0.2493 -0.4135 -0.8757
vn 0.1089 -0.4716 -0.8750
vn 0.0017 -0.5514 -0.8342
vn -0.0805 -0.6081 -0.7898
vn -0.1747 -0.6715 -0.7201
vn -0.2715 -0.7305 -0.6266
vn -0.3697 -0.7644 -0.5282
vn -0.5191 -0.7443 -0.4201
vn -0.6400 -0.7177 -0.2742
vn -0.6715 -0.7204 -0.1735
vn -0.6831 -0.7251 -0.0872
vn -0.6848 -0.7283 -0.0239
vn 0.5774 -0.2877 0.7641
vn 0.4120 -0.3554 0.8390
vn 0.1990 -0.4237 0.8837
vn -0.0071 -0.4705 0.8824
vn -0.1448 -0.4963 0.8560
vn -0.2081 -0.5162 0.8308
vn -0.2169 -0.5398 0.8134
vn -0.1939 -0.5601 0.8054
vn -0.1099 -0.5626 0.8194
vn 0.0555 -0.5272 0.8479
vn 0.2486 -0.4709 0.8464
vn 0.4463 -0.4505 0.7732
vn 0.6268 -0.4561 0.6318
vn 0.7631 -0.4519 0.4619
vn 0.8559 -0.4300 0.2872
vn 0.9043 -0.4053 0.1341
vn 0.9206 -0.3892 0.0307
vn 0.5235 -0.2914 0.8006
vn 0.3321 -0.3634 0.8704
vn 0.1084 -0.4215 0.9003
vn -0.0811 -0.4527 0.8880
vn -0.1947 -0.4669 0.8626
vn -0.2414 -0.4777 0.8447
vn -0.2426 -0.4926 0.8358
vn -0.1903 -0.5010 0.8442
vn -0.0329 -0.4707 0.8817
vn 0.1477 -0.4072 0.9013
vn 0.3140 -0.3756 0.8720
vn 0.4861 -0.3599 0.7964
vn 0.6642 -0.3464 0.6624
vn 0.8102 -0.3271 0.4864
vn 0.9026 -0.3050 0.3038
vn 0.9467 -0.2865 0.1474
vn 0.9601 -0.2767 0.0407
vn 0.4665 -0.2956 0.8337
vn 0.2547 -0.3647 0.8956
vn 0.0289 -0.4170 0.9084
vn -0.1411 -0.4477 0.8830
vn -0.2322 -0.4694 0.8519
vn -0.2621 -0.4920 0.8302
vn -0.2457 -0.5091 0.8249
vn -0.1043 -0.4624 0.8805
vn 0.0594 -0.3495 0.9351
vn 0.2100 -0.2887 0.9341
vn 0.3600 -0.2485 0.8992
vn 0.5308 -0.2208 0.8182
vn 0.7039 -0.2014 0.6812
vn 0.8445 -0.1912 0.5003
vn 0.9289 -0.1896 0.3181
vn 0.9688 -0.1905 0.1584
vn 0.9816 -0.1851 0.0470
vn 0.4134 -0.2951 0.8614
vn 0.1855 -0.3548 0.9164
vn -0.0389 -0.3933 0.9186
vn -0.1946 -0.4138 0.8893
vn -0.2717 -0.4298 0.8611
vn -0.2932 -0.4490 0.8441
vn -0.1732 -0.3856 0.9063
vn 0.0083 -0.2444 0.9696
vn 0.1228 -0.1765 0.9766
vn 0.2483 -0.1438 0.9579
vn 0.3899 -0.1332 0.9112
vn 0.5540 -0.1275 0.8227
vn 0.7186 -0.1262 0.6839
vn 0.8531 -0.1266 0.5061
vn 0.9379 -0.1211 0.3252
vn 0.9800 -0.1111 0.1653
vn 0.9934 -0.1037 0.0492
vn 0.3630 -0.2985 0.8827
vn 0.1223 -0.3595 0.9251
vn -0.0972 -0.3986 0.9120
vn -0.2370 -0.4230 0.8746
vn -0.2996 -0.4457 0.8436
vn -0.2031 -0.3570 0.9118
vn -0.0371 -0.1665 0.9853
vn 0.0564 -0.0946 0.9939
vn 0.1495 -0.0755 0.9859
vn 0.2609 -0.0681 0.9630
vn 0.4012 -0.0607 0.9140
vn 0.5631 -0.0535 0.8247
vn 0.7255 -0.0469 0.6866
vn 0.8590 -0.0411 0.5103
vn 0.9446 -0.0365 0.3261
vn 0.9855 -0.0332 0.1662
vn 0.9983 -0.0310 0.0502
vn 0.3531 -0.0079 0.9356
vn 0.0963 -0.0103 0.9953
vn -0.1386 -0.0123 0.9903
vn -0.2869 -0.0141 0.9579
vn -0.3534 -0.0162 0.9354
vn -0.0725 -0.0096 0.9973
vn 0.0079 -0.0000 1.0000
vn 0.0688 -0.0000 0.9976
vn 0.1532 -0.0000 0.9882
vn 0.2649 -0.0000 0.9643
vn 0.4051 -0.0000 0.9143
vn 0.5663 -0.0000 0.8242
vn 0.7278 -0.0000 0.6858
vn 0.8604 -0.0000 0.5096
vn 0.9454 -0.0000 0.3258
vn 0.9861 -0.0000 0.1662
vn 0.9987 -0.0000 0.0503
vn 0.3614 0.3004 0.8827
vn 0.1201 0.3616 0.9246
vn -0.0993 0.4006 0.9109
vn -0.2389 0.4248 0.8732
vn -0.3011 0.4476 0.8421
vn -0.1977 0.3519 0.9149
vn -0.0302 0.1579 0.9870
vn 0.0564 0.0946 0.9939
vn 0.1495 0.0755 0.9859
vn 0.2609 0.0681 0.9630
vn 0.4012 0.0607 0.9140
vn 0.5631 0.0535 0.8247
vn 0.7255 0.0469 0.6866
vn 0.8590 0.0411 0.5103
vn 0.9446 0.0365 0.3261
vn 0.9855 0.0332 0.1662
vn 0.9983 0.0310 0.0502
vn 0.4121 0.2971 0.8613
vn 0.1837 0.3571 0.9158
vn -0.0409 0.3957 0.9175
vn -0.1963 0.4160 0.8879
vn -0.2732 0.4320 0.8595
vn -0.2943 0.4513 0.8425
vn -0.1624 0.3891 0.9068
vn 0.0083 0.2444 0.9696
vn 0.1228 0.1765 0.9766
vn 0.2483 0.1438 0.9579
vn 0.3899 0.1332 0.9112
vn 0.5540 0.1275 0.8227
vn 0.7186 0.1262 0.6839
vn 0.8531 0.1266 0.5061
vn 0.9379 0.1211 0.3252
vn 0.9800 0.1111 0.1653
vn 0.9934 0.1037 0.0492
vn 0.4656 0.2977 0.8334
vn 0.2532 0.3672 0.8950
vn 0.0273 0.4195 0.9073
vn -0.1426 0.4501 0.8815
vn -0.2334 0.4718 0.8502
vn -0.2632 0.4944 0.8285
vn -0.2426 0.5079 0.8265
vn -0.1009 0.4590 0.8827
vn 0.0594 0.3495 0.9351
vn 0.2100 0.2887 0.9341
vn 0.3600 0.2485 0.8992
vn 0.5308 0.2208 0.8182
vn 0.7039 0.2014 0.6811
vn 0.8445 0.1912 0.5003
vn 0.9289 0.1896 0.3181
vn 0.9688 0.1905 0.1584
vn 0.9816 0.1851 0.0470
vn 0.5230 0.2934 0.8003
vn 0.3311 0.3658 0.8698
vn 0.1072 0.4241 0.8992
vn -0.0824 0.4553 0.8865
vn -0.1958 0.4695 0.8609
vn -0.2423 0.4804 0.8429
vn -0.2434 0.4954 0.8339
vn -0.1876 0.5009 0.8449
vn -0.0303 0.4683 0.8830
vn 0.1477 0.4072 0.9013
vn 0.3140 0.3756 0.8720
vn 0.4861 0.3599 0.7964
vn 0.6642 0.3464 0.6624
vn 0.8102 0.3271 0.4864
vn 0.9026 0.3050 0.3038
vn 0.9467 0.2865 0.1474
vn 0.9601 0.2767 0.0407
vn 0.5771 0.2895 0.7636
vn 0.4114 0.3577 0.8383
vn 0.1982 0.4263 0.8826
vn -0.0080 0.4732 0.8809
vn -0.1456 0.4990 0.8543
vn -0.2088 0.5189 0.8289
vn -0.2175 0.5425 0.8114
vn -0.1945 0.5628 0.8034
vn -0.1080 0.5636 0.8190
vn 0.0569 0.5262 0.8485
vn 0.2486 0.4709 0.8464
vn 0.4463 0.4505 0.7732
vn 0.6268 0.4561 0.6318
vn 0.7631 0.4519 0.4619
vn 0.8559 0.4300 0.2872
vn 0.9043 0.4053 0.1341
vn 0.9206 0.3892 0.0307
vn 0.6009 0.3287 0.7286
vn 0.4873 0.3662 0.7928
vn 0.2996 0.4444 0.8442
vn 0.0856 0.5054 0.8586
vn -0.0827 0.5313 0.8431
vn -0.1733 0.5381 0.8249
vn -0.2011 0.5426 0.8156
vn -0.1888 0.5563 0.8093
vn -0.1312 0.5898 0.7968
vn -0.0114 0.6246 0.7808
vn 0.1461 0.6200 0.7709
vn 0.3673 0.6034 0.7078
vn 0.5608 0.5836 0.5872
vn 0.7068 0.5686 0.4210
vn 0.7903 0.5572 0.2550
vn 0.8362 0.5364 0.1144
vn 0.8560 0.5167 0.0198
vn -0.8507 -0.5256 0.0114
vn -0.8515 -0.5233 -0.0331
vn -0.8461 -0.5206 -0.1141
vn -0.8252 -0.5204 -0.2195
vn -0.7696 -0.5353 -0.3480
vn -0.6213 -0.5418 -0.5661
vn -0.4885 -0.5222 -0.6990
vn -0.3497 -0.4935 -0.7964
vn -0.2235 -0.4620 -0.8583
vn -0.1097 -0.3919 -0.9134
vn -0.0152 -0.3103 -0.9505
vn 0.0891 -0.2040 -0.9749
vn 0.2673 -0.0813 -0.9602
vn 0.2540 -0.0723 -0.9645
vn 0.1581 -0.1120 -0.9811
vn -0.0225 -0.1618 -0.9866
vn -0.2689 -0.2080 -0.9404
vn -0.9215 -0.3882 0.0116
vn -0.9220 -0.3853 -0.0381
vn -0.9157 -0.3810 -0.1276
vn -0.8919 -0.3801 -0.2450
vn -0.8211 -0.4073 -0.3998
vn -0.6691 -0.4251 -0.6096
vn -0.5317 -0.3849 -0.7545
vn -0.3865 -0.3249 -0.8632
vn -0.2478 -0.2638 -0.9322
vn -0.1334 -0.2200 -0.9663
vn -0.0375 -0.1524 -0.9876
vn 0.0490 -0.0478 -0.9977
vn 0.2352 0.0784 -0.9688
vn 0.2679 0.1166 -0.9564
vn 0.1826 0.0707 -0.9806
vn 0.0130 0.0192 -0.9997
vn -0.2326 -0.0321 -0.9720
vn -0.9713 -0.2375 0.0116
vn -0.9710 -0.2353 -0.0417
vn -0.9629 -0.2326 -0.1367
vn -0.9380 -0.2268 -0.2622
vn -0.8608 -0.2324 -0.4528
vn -0.7175 -0.2453 -0.6519
vn -0.5639 -0.2328 -0.7923
vn -0.4058 -0.2166 -0.8879
vn -0.2615 -0.1902 -0.9463
vn -0.1466 -0.1497 -0.9778
vn -0.0636 -0.1059 -0.9923
vn 0.0108 -0.0470 -0.9988
vn 0.1337 0.1369 -0.9815
vn 0.2805 0.2455 -0.9279
vn 0.2069 0.2162 -0.9542
vn 0.0523 0.1817 -0.9820
vn -0.1849 0.1380 -0.9730
vn -0.9935 -0.1131 0.0115
vn -0.9927 -0.1122 -0.0437
vn -0.9837 -0.1112 -0.1416
vn -0.9569 -0.1112 -0.2683
vn -0.8712 -0.1144 -0.4775
vn -0.7352 -0.1137 -0.6683
vn -0.5778 -0.0989 -0.8102
vn -0.4163 -0.0802 -0.9057
vn -0.2735 -0.0606 -0.9600
vn -0.1596 -0.0424 -0.9863
vn -0.0757 -0.0270 -0.9968
vn -0.0145 -0.0071 -0.9999
vn 0.0326 0.0409 -0.9986
vn 0.1839 0.2366 -0.9541
vn 0.2288 0.3547 -0.9065
vn 0.0927 0.3241 -0.9415
vn -0.1299 0.2814 -0.9508
vn -0.9993 -0.0359 0.0115
vn -0.9984 -0.0359 -0.0443
vn -0.9890 -0.0361 -0.1432
vn -0.9618 -0.0367 -0.2713
vn -0.8736 -0.0383 -0.4852
vn -0.7404 -0.0391 -0.6710
vn -0.5820 -0.0369 -0.8123
vn -0.4200 -0.0339 -0.9069
vn -0.2770 -0.0310 -0.9604
vn -0.1630 -0.0286 -0.9862
vn -0.0789 -0.0268 -0.9965
vn -0.0219 -0.0256 -0.9994
vn 0.0098 -0.0250 -0.9996
vn 0.0631 -0.0183 -0.9978
vn 0.2641 -0.0119 -0.9644
vn 0.1236 -0.0154 -0.9922
vn -0.1065 -0.0181 -0.9942
vn -0.9996 0.0259 0.0116
vn -0.9987 0.0249 -0.0441
vn -0.9894 0.0235 -0.1431
vn -0.9622 0.0219 -0.2715
vn -0.8739 0.0202 -0.4858
vn -0.7396 0.0163 -0.6729
vn -0.5803 0.0068 -0.8144
vn -0.4173 -0.0047 -0.9087
vn -0.2738 -0.0169 -0.9616
vn -0.1598 -0.0285 -0.9867
vn -0.0759 -0.0389 -0.9964
vn -0.0123 -0.0583 -0.9982
vn 0.0416 -0.1178 -0.9922
vn 0.1757 -0.3069 -0.9354
vn 0.2238 -0.4110 -0.8837
vn 0.0907 -0.3850 -0.9184
vn -0.1272 -0.3452 -0.9299
vn -0.9950 0.0989 0.0120
vn -0.9945 0.0958 -0.0429
vn -0.9858 0.0911 -0.1413
vn -0.9592 0.0859 -0.2694
vn -0.8751 0.0873 -0.4760
vn -0.7366 0.0943 -0.6697
vn -0.5754 0.0871 -0.8132
vn -0.4091 0.0687 -0.9099
vn -0.2638 0.0417 -0.9637
vn -0.1488 0.0121 -0.9888
vn -0.0577 -0.0288 -0.9979
vn 0.0249 -0.0972 -0.9950
vn 0.1588 -0.2591 -0.9527
vn 0.2694 -0.3406 -0.9008
vn 0.1958 -0.3170 -0.9280
vn 0.0424 -0.2884 -0.9566
vn -0.1911 -0.2458 -0.9503
vn -0.9841 0.1774 0.0130
vn -0.9842 0.1723 -0.0402
vn -0.9766 0.1669 -0.1357
vn -0.9513 0.1630 -0.2617
vn -0.8764 0.1658 -0.4522
vn -0.7294 0.1616 -0.6647
vn -0.5685 0.1285 -0.8126
vn -0.4002 0.0955 -0.9114
vn -0.2438 0.0515 -0.9685
vn -0.1223 -0.0120 -0.9924
vn -0.0152 -0.0927 -0.9956
vn 0.1027 -0.2159 -0.9710
vn 0.2508 -0.2953 -0.9219
vn 0.2450 -0.2928 -0.9242
vn 0.1555 -0.2549 -0.9544
vn -0.0189 -0.2090 -0.9777
vn -0.2653 -0.1513 -0.9522
vn -0.9625 0.2709 0.0145
vn -0.9633 0.2661 -0.0346
vn -0.9577 0.2589 -0.1253
vn -0.9359 0.2504 -0.2479
vn -0.8726 0.2609 -0.4129
vn -0.7074 0.2565 -0.6586
vn -0.5508 0.2059 -0.8088
vn -0.3869 0.1536 -0.9092
vn -0.2276 0.1149 -0.9670
vn -0.0827 0.0594 -0.9948
vn 0.0392 -0.0328 -0.9987
vn 0.1920 -0.1420 -0.9711
vn 0.2637 -0.1835 -0.9470
vn 0.2207 -0.1574 -0.9626
vn 0.1068 -0.1216 -0.9868
vn -0.0954 -0.0744 -0.9927
vn -0.3514 -0.0194 -0.9360
vn -0.9231 0.3841 0.0166
vn -0.9250 0.3790 -0.0258
vn -0.9227 0.3693 -0.1104
vn -0.9052 0.3589 -0.2278
vn -0.8570 0.3565 -0.3721
vn -0.6984 0.3691 -0.6132
vn -0.5157 0.3799 -0.7680
vn -0.3491 0.3220 -0.8800
vn -0.1942 0.2182 -0.9564
vn -0.0414 0.1084 -0.9932
vn 0.1015 -0.0041 -0.9948
vn 0.2347 -0.0749 -0.9692
vn 0.2460 -0.0604 -0.9674
vn 0.1848 -0.0110 -0.9827
vn 0.0430 0.0475 -0.9979
vn -0.1851 0.1071 -0.9769
vn -0.4386 0.1520 -0.8857
vn -0.8563 0.5162 0.0193
vn -0.8591 0.5115 -0.0154
vn -0.8606 0.5012 -0.0903
vn -0.8485 0.4905 -0.1988
vn -0.8118 0.4835 -0.3276
vn -0.6940 0.5101 -0.5081
vn -0.4701 0.5035 -0.7249
vn -0.3125 0.4264 -0.8488
vn -0.1580 0.3719 -0.9147
vn -0.0002 0.3004 -0.9538
vn 0.1556 0.1977 -0.9678
vn 0.2375 0.1514 -0.9595
vn 0.2204 0.1662 -0.9611
vn 0.1349 0.2022 -0.9700
vn -0.0402 0.2539 -0.9664
vn -0.2873 0.3025 -0.9088
vn -0.5188 0.3256 -0.7904
vn 0.5985 -0.3381 0.7263
vn 0.4843 -0.3750 0.7905
vn 0.2968 -0.4525 0.8409
vn 0.0850 -0.5132 0.8541
vn -0.0827 -0.5384 0.8386
vn -0.1726 -0.5439 0.8212
vn -0.2001 -0.5472 0.8127
vn -0.1878 -0.5600 0.8069
vn -0.1303 -0.5933 0.7944
vn -0.0126 -0.6286 0.7776
vn 0.1473 -0.6273 0.7648
vn 0.3654 -0.6132 0.7004
vn 0.5554 -0.5942 0.5817
vn 0.7004 -0.5792 0.4171
vn 0.7827 -0.5695 0.2512
vn 0.8273 -0.5502 0.1132
vn 0.8475 -0.5304 0.0197
vn 0.2743 -0.6899 0.6699
vn 0.0405 -0.7449 0.6659
vn -0.1082 -0.7603 0.6404
vn -0.1498 -0.7413 0.6542
vn -0.1147 -0.7123 0.6925
vn -0.0938 -0.6889 0.7187
vn -0.0534 -0.6815 0.7299
vn 0.0016 -0.6936 0.7203
vn 0.0805 -0.7057 0.7039
vn 0.2581 -0.7051 0.6604
vn 0.4443 -0.6983 0.5612
vn 0.5328 -0.7062 0.4662
vn 0.7293 -0.6206 0.2881
vn 0.8089 -0.5495 0.2092
vn 0.8311 -0.5381 0.1404
vn 0.8443 -0.5303 0.0764
vn 0.8497 -0.5268 0.0220
vn 0.2547 -0.6043 0.7549
vn 0.0054 -0.6547 0.7559
vn -0.1392 -0.6555 0.7422
vn -0.1351 -0.6216 0.7716
vn -0.1197 -0.5712 0.8121
vn -0.0995 -0.5639 0.8199
vn -0.0543 -0.5679 0.8213
vn 0.0086 -0.5602 0.8283
vn 0.1019 -0.5595 0.8225
vn 0.3237 -0.5629 0.7605
vn 0.5095 -0.5618 0.6518
vn 0.6384 -0.5390 0.5494
vn 0.8407 -0.4467 0.3061
vn 0.8869 -0.4024 0.2270
vn 0.9065 -0.3934 0.1531
vn 0.9160 -0.3922 0.0839
vn 0.9202 -0.3907 0.0250
vn 0.2277 -0.4995 0.8359
vn -0.0337 -0.5418 0.8398
vn -0.1191 -0.4884 0.8644
vn -0.1198 -0.3922 0.9120
vn -0.1244 -0.3574 0.9256
vn -0.1088 -0.3380 0.9348
vn -0.0577 -0.3365 0.9399
vn 0.0167 -0.3522 0.9358
vn 0.1193 -0.3686 0.9219
vn 0.3836 -0.3752 0.8439
vn 0.5681 -0.3665 0.7368
vn 0.7367 -0.3199 0.5958
vn 0.9096 -0.2643 0.3205
vn 0.9373 -0.2546 0.2379
vn 0.9553 -0.2479 0.1609
vn 0.9661 -0.2425 0.0890
vn 0.9705 -0.2395 0.0269
vn 0.1930 -0.4126 0.8902
vn 0.0025 -0.3573 0.9340
vn -0.0652 -0.2351 0.9698
vn -0.1128 -0.1961 0.9741
vn -0.1265 -0.1915 0.9733
vn -0.1072 -0.1920 0.9755
vn -0.0585 -0.1906 0.9799
vn 0.0203 -0.1877 0.9820
vn 0.1296 -0.1855 0.9741
vn 0.4191 -0.1896 0.8879
vn 0.5947 -0.1944 0.7801
vn 0.7843 -0.1672 0.5975
vn 0.9359 -0.1310 0.3271
vn 0.9623 -0.1228 0.2427
vn 0.9794 -0.1179 0.1638
vn 0.9892 -0.1152 0.0908
vn 0.9931 -0.1139 0.0278
vn 0.1858 -0.0559 0.9810
vn 0.0717 -0.0516 0.9961
vn -0.0482 -0.0453 0.9978
vn -0.1136 -0.0463 0.9924
vn -0.1291 -0.0476 0.9905
vn -0.1085 -0.0493 0.9929
vn -0.0574 -0.0514 0.9970
vn 0.0233 -0.0539 0.9983
vn 0.1346 -0.0565 0.9893
vn 0.4307 -0.0590 0.9006
vn 0.6012 -0.0616 0.7967
vn 0.8032 -0.0528 0.5934
vn 0.9437 -0.0410 0.3282
vn 0.9692 -0.0384 0.2434
vn 0.9857 -0.0369 0.1642
vn 0.9952 -0.0362 0.0911
vn 0.9990 -0.0359 0.0280
vn 0.1970 0.3255 0.9248
vn 0.0050 0.2570 0.9664
vn -0.0656 0.1261 0.9898
vn -0.1171 0.0883 0.9892
vn -0.1298 0.0798 0.9883
vn -0.1104 0.0756 0.9910
vn -0.0601 0.0683 0.9959
vn 0.0204 0.0600 0.9980
vn 0.1317 0.0518 0.9899
vn 0.4289 0.0505 0.9019
vn 0.6005 0.0495 0.7981
vn 0.8029 0.0405 0.5947
vn 0.9440 0.0315 0.3285
vn 0.9695 0.0294 0.2435
vn 0.9860 0.0281 0.1642
vn 0.9955 0.0273 0.0910
vn 0.9993 0.0266 0.0278
vn 0.2461 0.3644 0.8982
vn -0.0370 0.4083 0.9121
vn -0.1293 0.3498 0.9279
vn -0.1338 0.2414 0.9611
vn -0.1364 0.1946 0.9714
vn -0.1170 0.1674 0.9789
vn -0.0659 0.1523 0.9861
vn 0.0167 0.1528 0.9881
vn 0.1264 0.1622 0.9786
vn 0.4154 0.1703 0.8936
vn 0.5930 0.1640 0.7883
vn 0.7867 0.1314 0.6032
vn 0.9390 0.1057 0.3274
vn 0.9644 0.1061 0.2421
vn 0.9809 0.1059 0.1634
vn 0.9905 0.1035 0.0902
vn 0.9945 0.1011 0.0271
vn 0.3128 0.4093 0.8571
vn 0.0206 0.4732 0.8807
vn -0.1563 0.4883 0.8586
vn -0.1725 0.4482 0.8772
vn -0.1493 0.3780 0.9137
vn -0.1262 0.3428 0.9309
vn -0.0699 0.3335 0.9402
vn 0.0060 0.3263 0.9453
vn 0.1113 0.3084 0.9447
vn 0.3847 0.3035 0.8717
vn 0.5752 0.2967 0.7623
vn 0.7484 0.2515 0.6137
vn 0.9254 0.1974 0.3235
vn 0.9526 0.1887 0.2388
vn 0.9697 0.1840 0.1604
vn 0.9793 0.1826 0.0877
vn 0.9832 0.1807 0.0254
vn 0.4014 0.4455 0.8003
vn 0.0997 0.5313 0.8413
vn -0.1106 0.5635 0.8187
vn -0.2007 0.5528 0.8088
vn -0.1762 0.5129 0.8402
vn -0.1406 0.4625 0.8754
vn -0.0812 0.4380 0.8953
vn -0.0141 0.4155 0.9095
vn 0.0948 0.4208 0.9022
vn 0.3366 0.4341 0.8356
vn 0.5463 0.4271 0.7206
vn 0.6869 0.4004 0.6065
vn 0.8899 0.3245 0.3206
vn 0.9280 0.2907 0.2329
vn 0.9468 0.2823 0.1543
vn 0.9573 0.2770 0.0823
vn 0.9618 0.2729 0.0219
vn 0.5034 0.4680 0.7263
vn 0.2026 0.5803 0.7888
vn -0.0354 0.6317 0.7744
vn -0.1682 0.6513 0.7400
vn -0.1979 0.6419 0.7409
vn -0.1513 0.6198 0.7700
vn -0.0956 0.6021 0.7926
vn -0.0298 0.5960 0.8025
vn 0.0671 0.5938 0.8018
vn 0.2640 0.5722 0.7764
vn 0.5022 0.5608 0.6583
vn 0.6119 0.5602 0.5583
vn 0.8252 0.4623 0.3245
vn 0.8870 0.4049 0.2217
vn 0.9058 0.3981 0.1452
vn 0.9177 0.3902 0.0742
vn 0.9232 0.3840 0.0163
vn 0.5710 0.5180 0.6369
vn 0.3290 0.6286 0.7047
vn 0.0687 0.7103 0.7006
vn -0.0956 0.7377 0.6684
vn -0.1734 0.7460 0.6430
vn -0.1667 0.7390 0.6528
vn -0.1150 0.7161 0.6885
vn -0.0443 0.7082 0.7046
vn 0.0336 0.7072 0.7063
vn 0.1771 0.6945 0.6973
vn 0.4352 0.6962 0.5709
vn 0.5315 0.6998 0.4773
vn 0.7160 0.6142 0.3319
vn 0.8235 0.5297 0.2033
vn 0.8416 0.5242 0.1298
vn 0.8521 0.5196 0.0629
vn 0.8588 0.5122 0.0091
vn -0.9224 -0.3857 0.0180
vn -0.9233 -0.3839 -0.0130
vn -0.9217 -0.3828 -0.0631
vn -0.9160 -0.3807 -0.1262
vn -0.9018 -0.3793 -0.2068
vn -0.8765 -0.3490 -0.3314
vn -0.8415 -0.3045 -0.4463
vn -0.7240 -0.3110 -0.6158
vn -0.5065 -0.3399 -0.7924
vn -0.2095 -0.4515 -0.8673
vn 0.0236 -0.5124 -0.8584
vn 0.1074 -0.4737 -0.8741
vn 0.1740 -0.4423 -0.8798
vn 0.2177 -0.4013 -0.8897
vn 0.2415 -0.3576 -0.9021
vn 0.1749 -0.3566 -0.9177
vn -0.0581 -0.3910 -0.9186
vn -0.9621 -0.2723 0.0162
vn -0.9627 -0.2701 -0.0183
vn -0.9604 -0.2693 -0.0720
vn -0.9526 -0.2729 -0.1345
vn -0.9320 -0.2878 -0.2204
vn -0.8983 -0.2958 -0.3248
vn -0.8686 -0.2263 -0.4407
vn -0.7392 -0.1801 -0.6490
vn -0.4820 -0.3168 -0.8169
vn -0.1866 -0.4087 -0.8934
vn 0.0077 -0.3955 -0.9184
vn 0.0969 -0.3728 -0.9229
vn 0.1592 -0.3261 -0.9318
vn 0.2055 -0.2746 -0.9393
vn 0.2222 -0.2120 -0.9517
vn 0.2108 -0.1681 -0.9630
vn 0.0254 -0.1723 -0.9847
vn -0.9838 -0.1785 0.0149
vn -0.9842 -0.1759 -0.0215
vn -0.9817 -0.1742 -0.0775
vn -0.9740 -0.1764 -0.1424
vn -0.9539 -0.1880 -0.2341
vn -0.9243 -0.1955 -0.3279
vn -0.8875 -0.1792 -0.4245
vn -0.7245 -0.1961 -0.6608
vn -0.4603 -0.2484 -0.8523
vn -0.2071 -0.2640 -0.9420
vn -0.0038 -0.2437 -0.9699
vn 0.0852 -0.2054 -0.9750
vn 0.1486 -0.1830 -0.9718
vn 0.1902 -0.1580 -0.9689
vn 0.1959 -0.1117 -0.9742
vn 0.1864 -0.0322 -0.9819
vn 0.0858 0.0031 -0.9963
vn -0.9949 -0.0995 0.0141
vn -0.9949 -0.0982 -0.0233
vn -0.9920 -0.0977 -0.0798
vn -0.9846 -0.0960 -0.1458
vn -0.9650 -0.0996 -0.2426
vn -0.9380 -0.1056 -0.3302
vn -0.9005 -0.0972 -0.4238
vn -0.7244 -0.1138 -0.6799
vn -0.4663 -0.1513 -0.8716
vn -0.2172 -0.1575 -0.9633
vn -0.0143 -0.1530 -0.9881
vn 0.0768 -0.1486 -0.9859
vn 0.1420 -0.1356 -0.9805
vn 0.1756 -0.1096 -0.9783
vn 0.1761 -0.0742 -0.9816
vn 0.1421 -0.0196 -0.9897
vn 0.0803 0.0678 -0.9945
vn -0.9995 -0.0297 0.0137
vn -0.9993 -0.0293 -0.0242
vn -0.9963 -0.0291 -0.0810
vn -0.9886 -0.0322 -0.1468
vn -0.9690 -0.0347 -0.2447
vn -0.9436 -0.0289 -0.3299
vn -0.9064 -0.0193 -0.4220
vn -0.7238 -0.0174 -0.6898
vn -0.4675 -0.0336 -0.8834
vn -0.2236 -0.0433 -0.9737
vn -0.0183 -0.0355 -0.9992
vn 0.0739 -0.0238 -0.9970
vn 0.1365 -0.0132 -0.9906
vn 0.1688 -0.0057 -0.9856
vn 0.1669 -0.0016 -0.9860
vn 0.1217 0.0080 -0.9925
vn 0.0249 0.0603 -0.9979
vn -0.9999 -0.0000 0.0136
vn -0.9997 -0.0000 -0.0244
vn -0.9967 -0.0000 -0.0812
vn -0.9890 -0.0007 -0.1480
vn -0.9699 -0.0009 -0.2437
vn -0.9445 0.0012 -0.3284
vn -0.9075 0.0045 -0.4201
vn -0.7233 0.0076 -0.6905
vn -0.4638 0.0039 -0.8859
vn -0.2260 -0.0000 -0.9741
vn -0.0210 -0.0000 -0.9998
vn 0.0712 -0.0000 -0.9975
vn 0.1343 -0.0000 -0.9909
vn 0.1676 -0.0000 -0.9859
vn 0.1664 -0.0000 -0.9861
vn 0.1182 -0.0000 -0.9930
vn -0.0009 -0.0000 -1.0000
vn -0.9995 0.0297 0.0137
vn -0.9993 0.0293 -0.0242
vn -0.9963 0.0291 -0.0810
vn -0.9886 0.0306 -0.1477
vn -0.9693 0.0325 -0.2436
vn -0.9440 0.0316 -0.3284
vn -0.9069 0.0295 -0.4203
vn -0.7222 0.0351 -0.6908
vn -0.4619 0.0431 -0.8859
vn -0.2235 0.0436 -0.9737
vn -0.0183 0.0355 -0.9992
vn 0.0739 0.0238 -0.9970
vn 0.1365 0.0132 -0.9906
vn 0.1688 0.0057 -0.9856
vn 0.1669 0.0016 -0.9860
vn 0.1217 -0.0080 -0.9925
vn 0.0220 -0.0557 -0.9982
vn -0.9949 0.0995 0.0141
vn -0.9949 0.0982 -0.0233
vn -0.9920 0.0977 -0.0798
vn -0.9843 0.0982 -0.1465
vn -0.9649 0.1012 -0.2422
vn -0.9391 0.1044 -0.3274
vn -0.9017 0.1055 -0.4192
vn -0.7196 0.1292 -0.6823
vn -0.4557 0.1544 -0.8766
vn -0.2179 0.1552 -0.9636
vn -0.0143 0.1530 -0.9881
vn 0.0768 0.1486 -0.9859
vn 0.1420 0.1356 -0.9805
vn 0.1756 0.1096 -0.9783
vn 0.1761 0.0742 -0.9816
vn 0.1421 0.0196 -0.9897
vn 0.0752 -0.0696 -0.9947
vn -0.9838 0.1785 0.0149
vn -0.9842 0.1759 -0.0215
vn -0.9817 0.1742 -0.0775
vn -0.9740 0.1764 -0.1424
vn -0.9538 0.1871 -0.2352
vn -0.9256 0.1960 -0.3238
vn -0.8893 0.1895 -0.4163
vn -0.7157 0.2201 -0.6628
vn -0.4431 0.2693 -0.8550
vn -0.2054 0.2710 -0.9404
vn -0.0038 0.2437 -0.9699
vn 0.0852 0.2054 -0.9750
vn 0.1486 0.1830 -0.9718
vn 0.1902 0.1580 -0.9689
vn 0.1959 0.1117 -0.9742
vn 0.1848 0.0350 -0.9822
vn 0.0841 -0.0015 -0.9965
vn -0.9621 0.2723 0.0162
vn -0.9627 0.2701 -0.0183
vn -0.9604 0.2693 -0.0720
vn -0.9526 0.2729 -0.1345
vn -0.9319 0.2870 -0.2219
vn -0.8996 0.2991 -0.3182
vn -0.8641 0.2925 -0.4096
vn -0.6995 0.3413 -0.6279
vn -0.4189 0.3990 -0.8157
vn -0.1868 0.4011 -0.8968
vn 0.0077 0.3955 -0.9184
vn 0.0969 0.3728 -0.9229
vn 0.1592 0.3261 -0.9318
vn 0.2055 0.2746 -0.9393
vn 0.2211 0.2140 -0.9515
vn 0.2095 0.1688 -0.9631
vn 0.0262 0.1699 -0.9851
vn -0.9224 0.3857 0.0180
vn -0.9233 0.3839 -0.0130
vn -0.9217 0.3828 -0.0631
vn -0.9160 0.3807 -0.1262
vn -0.8965 0.3941 -0.2025
vn -0.8548 0.4204 -0.3043
vn -0.8173 0.4214 -0.3929
vn -0.6697 0.4700 -0.5749
vn -0.3795 0.5464 -0.7466
vn -0.1590 0.5473 -0.8217
vn 0.0236 0.5124 -0.8584
vn 0.1074 0.4737 -0.8741
vn 0.1740 0.4423 -0.8798
vn 0.2177 0.4013 -0.8897
vn 0.2404 0.3560 -0.9030
vn 0.1757 0.3544 -0.9184
vn -0.0576 0.3891 -0.9194
vn -0.8557 0.5171 0.0199
vn -0.8569 0.5154 -0.0060
vn -0.8569 0.5128 -0.0522
vn -0.8506 0.5135 -0.1128
vn -0.8314 0.5271 -0.1760
vn -0.7868 0.5527 -0.2745
vn -0.7404 0.5653 -0.3636
vn -0.6155 0.6068 -0.5030
vn -0.3297 0.6739 -0.6612
vn -0.1283 0.6743 -0.7272
vn 0.0368 0.6654 -0.7456
vn 0.1137 0.6380 -0.7616
vn 0.1759 0.6002 -0.7803
vn 0.2210 0.5613 -0.7976
vn 0.2227 0.5417 -0.8105
vn 0.0956 0.5599 -0.8230
vn -0.1615 0.5831 -0.7962
vn -0.8472 -0.5309 0.0196
vn -0.8485 -0.5292 -0.0058
vn -0.8487 -0.5263 -0.0518
vn -0.8424 -0.5273 -0.1114
vn -0.8266 -0.5318 -0.1842
vn -0.7940 -0.5222 -0.3111
vn -0.7617 -0.5050 -0.4059
vn -0.6559 -0.5224 -0.5449
vn -0.4428 -0.5653 -0.6959
vn -0.2315 -0.6291 -0.7421
vn 0.0361 -0.6795 -0.7328
vn 0.1114 -0.6529 -0.7492
vn 0.1727 -0.6165 -0.7682
vn 0.2175 -0.5788 -0.7860
vn 0.2196 -0.5606 -0.7984
vn 0.0947 -0.5791 -0.8098
vn -0.1577 -0.6004 -0.7840
vt 0.861111 0.500000
vt 0.875000 0.500000
vt 0.875000 0.750000
vt 0.861111 0.750000
vt 0.605769 0.000000
vt 0.625000 0.000000
vt 0.625000 0.250000
vt 0.605769 0.250000
vt 0.361111 0.500000
vt 0.375000 0.500000
vt 0.375000 0.750000
vt 0.361111 0.750000
vt 0.605769 0.500000
vt 0.625000 0.500000
vt 0.625000 0.750000
vt 0.605769 0.750000
vt 0.605769 0.486111
vt 0.625000 0.486111
vt 0.375000 0.486111
vt 0.394231 0.486111
vt 0.394231 0.500000
vt 0.413461 0.486111
vt 0.413462 0.500000
vt 0.432692 0.486111
vt 0.432692 0.500000
vt 0.451923 0.486111
vt 0.451923 0.500000
vt 0.471154 0.486111
vt 0.471154 0.500000
vt 0.490385 0.486111
vt 0.490385 0.500000
vt 0.509615 0.486111
vt 0.509615 0.500000
vt 0.528846 0.486111
vt 0.528846 0.500000
vt 0.548077 0.486111
vt 0.548077 0.500000
vt 0.567308 0.486111
vt 0.567308 0.500000
vt 0.586538 0.486111
vt 0.586538 0.500000
vt 0.394231 0.750000
vt 0.413462 0.750000
vt 0.432692 0.750000
vt 0.451923 0.750000
vt 0.471154 0.750000
vt 0.490385 0.750000
vt 0.509615 0.750000
vt 0.528846 0.750000
vt 0.548077 0.750000
vt 0.567308 0.750000
vt 0.586538 0.750000
vt 0.375000 0.000000
vt 0.394231 0.000000
vt 0.394231 0.250000
vt 0.375000 0.250000
vt 0.413462 0.000000
vt 0.413462 0.250000
vt 0.432692 0.000000
vt 0.432692 0.250000
vt 0.451923 0.000000
vt 0.451923 0.250000
vt 0.471154 0.000000
vt 0.471154 0.250000
vt 0.490385 0.000000
vt 0.490385 0.250000
vt 0.509615 0.000000
vt 0.509615 0.250000
vt 0.528846 0.000000
vt 0.528846 0.250000
vt 0.548077 0.000000
vt 0.548077 0.250000
vt 0.567308 0.000000
vt 0.567308 0.250000
vt 0.586538 0.000000
vt 0.586538 0.250000
vt 0.375000 0.986111
vt 0.394231 0.986111
vt 0.394231 1.000000
vt 0.375000 1.000000
vt 0.413462 0.986111
vt 0.413462 1.000000
vt 0.432692 0.986111
vt 0.432692 1.000000
vt 0.451923 0.986111
vt 0.451923 1.000000
vt 0.471154 0.986111
vt 0.471154 1.000000
vt 0.490385 0.986111
vt 0.490385 1.000000
vt 0.509615 0.986111
vt 0.509615 1.000000
vt 0.528846 0.986111
vt 0.528846 1.000000
vt 0.548077 0.986111
vt 0.548077 1.000000
vt 0.567308 0.986111
vt 0.567308 1.000000
vt 0.586538 0.986111
vt 0.586538 1.000000
vt 0.861111 0.500000
vt 0.861111 0.750000
vt 0.605769 0.986111
vt 0.625000 0.986111
vt 0.625000 1.000000
vt 0.605769 1.000000
vt 0.394231 0.486111
vt 0.413462 0.486111
vt 0.432692 0.486111
vt 0.451923 0.486111
vt 0.490385 0.486111
vt 0.528846 0.486111
vt 0.548077 0.486111
vt 0.567308 0.486111
vt 0.586538 0.486111
vt 0.394231 0.986111
vt 0.413462 0.986111
vt 0.432692 0.986111
vt 0.451923 0.986111
vt 0.471154 0.986111
vt 0.490385 0.986111
vt 0.509615 0.986111
vt 0.528846 0.986111
vt 0.548077 0.986111
vt 0.567308 0.986111
vt 0.586538 0.986111
vt 0.861111 0.535714
vt 0.875000 0.535714
vt 0.605769 0.214286
vt 0.660714 0.321429
vt 0.605769 0.535714
vt 0.625000 0.535714
vt 0.586538 0.214286
vt 0.586538 0.535714
vt 0.586538 0.232143
vt 0.586538 0.263889
vt 0.586538 0.041667
vt 0.586538 0.073413
vt 0.586538 0.035714
vt 0.586538 0.105159
vt 0.586538 0.071429
vt 0.586538 0.136905
vt 0.586538 0.107143
vt 0.586538 0.168651
vt 0.586538 0.142857
vt 0.586538 0.200397
vt 0.586538 0.178571
vt 0.605769 0.714286
vt 0.586538 0.714286
vt 0.605769 0.678571
vt 0.586538 0.678571
vt 0.605769 0.642857
vt 0.586538 0.642857
vt 0.605769 0.607143
vt 0.586538 0.607143
vt 0.605769 0.571429
vt 0.586538 0.571429
vt 0.605769 0.035714
vt 0.605769 0.071429
vt 0.605769 0.107143
vt 0.605769 0.142857
vt 0.605769 0.178571
vt 0.625000 0.714286
vt 0.625000 0.678571
vt 0.625000 0.642857
vt 0.625000 0.607143
vt 0.625000 0.571429
vt 0.839286 0.678571
vt 0.803571 0.607143
vt 0.767857 0.535714
vt 0.732143 0.464286
vt 0.696429 0.392857
vt 0.875000 0.714286
vt 0.861111 0.714286
vt 0.875000 0.678571
vt 0.861111 0.678571
vt 0.875000 0.642857
vt 0.861111 0.642857
vt 0.875000 0.607143
vt 0.861111 0.607143
vt 0.875000 0.571429
vt 0.861111 0.571429
vt 0.638889 0.571429
vt 0.638889 0.535714
vt 0.652778 0.571429
vt 0.652778 0.535714
vt 0.666667 0.571429
vt 0.666667 0.535714
vt 0.680556 0.571429
vt 0.680556 0.535714
vt 0.694444 0.571429
vt 0.694444 0.535714
vt 0.708333 0.571428
vt 0.708333 0.535714
vt 0.722222 0.571428
vt 0.722222 0.535714
vt 0.736111 0.571428
vt 0.736111 0.535714
vt 0.750000 0.571428
vt 0.750000 0.535714
vt 0.763889 0.571428
vt 0.763889 0.535714
vt 0.777778 0.571428
vt 0.777778 0.535714
vt 0.791667 0.571429
vt 0.791667 0.535714
vt 0.805556 0.571429
vt 0.805556 0.535714
vt 0.819444 0.571429
vt 0.819445 0.535714
vt 0.833333 0.571429
vt 0.833333 0.535714
vt 0.847222 0.571429
vt 0.847222 0.535714
vt 0.638889 0.607143
vt 0.652778 0.607143
vt 0.666667 0.607143
vt 0.680556 0.607143
vt 0.694444 0.607143
vt 0.708333 0.607143
vt 0.722222 0.607143
vt 0.736111 0.607143
vt 0.750000 0.607143
vt 0.763889 0.607143
vt 0.777778 0.607143
vt 0.791667 0.607143
vt 0.805555 0.607143
vt 0.819444 0.607143
vt 0.833333 0.607143
vt 0.847222 0.607143
vt 0.638889 0.642857
vt 0.652778 0.642857
vt 0.666667 0.642857
vt 0.680556 0.642857
vt 0.694444 0.642857
vt 0.708333 0.642857
vt 0.722222 0.642857
vt 0.736111 0.642857
vt 0.750000 0.642857
vt 0.763889 0.642857
vt 0.777778 0.642857
vt 0.791667 0.642857
vt 0.805556 0.642857
vt 0.819444 0.642857
vt 0.833333 0.642857
vt 0.847222 0.642857
vt 0.638889 0.678572
vt 0.652778 0.678571
vt 0.666667 0.678571
vt 0.680556 0.678571
vt 0.694444 0.678571
vt 0.708333 0.678571
vt 0.722222 0.678571
vt 0.736111 0.678571
vt 0.750000 0.678571
vt 0.763889 0.678571
vt 0.777778 0.678571
vt 0.791667 0.678571
vt 0.805555 0.678571
vt 0.819444 0.678571
vt 0.833333 0.678571
vt 0.847222 0.678571
vt 0.638889 0.714286
vt 0.652778 0.714286
vt 0.666667 0.714286
vt 0.680556 0.714286
vt 0.694444 0.714286
vt 0.708333 0.714286
vt 0.722222 0.714286
vt 0.736111 0.714286
vt 0.750000 0.714286
vt 0.763889 0.714286
vt 0.777778 0.714286
vt 0.791667 0.714286
vt 0.805555 0.714286
vt 0.819444 0.714286
vt 0.833333 0.714286
vt 0.847222 0.714286
vt 0.638889 0.750000
vt 0.652778 0.750000
vt 0.666667 0.750000
vt 0.680556 0.750000
vt 0.694444 0.750000
vt 0.708333 0.750000
vt 0.722222 0.750000
vt 0.736111 0.750000
vt 0.750000 0.750000
vt 0.763889 0.750000
vt 0.777778 0.750000
vt 0.791667 0.750000
vt 0.805555 0.750000
vt 0.819444 0.750000
vt 0.833333 0.750000
vt 0.847222 0.750000
vt 0.586538 0.517857
vt 0.586538 0.549603
vt 0.586538 0.500000
vt 0.586538 0.527778
vt 0.586538 0.482143
vt 0.586538 0.505952
vt 0.586538 0.464286
vt 0.586538 0.484127
vt 0.586538 0.446429
vt 0.586538 0.462302
vt 0.586538 0.428571
vt 0.586538 0.440476
vt 0.586538 0.410714
vt 0.586538 0.418651
vt 0.586538 0.392857
vt 0.586538 0.396825
vt 0.586538 0.375000
vt 0.586538 0.375000
vt 0.586538 0.357143
vt 0.586538 0.353175
vt 0.586538 0.339286
vt 0.586538 0.331349
vt 0.586538 0.321429
vt 0.586538 0.309524
vt 0.586538 0.303571
vt 0.586538 0.287698
vt 0.586538 0.285714
vt 0.586538 0.265873
vt 0.586538 0.267857
vt 0.586538 0.244048
vt 0.586538 0.250000
vt 0.586538 0.222222
vt 0.586538 0.581349
vt 0.586538 0.555556
vt 0.586538 0.529762
vt 0.586538 0.503968
vt 0.586538 0.478175
vt 0.586538 0.452381
vt 0.586538 0.426587
vt 0.586538 0.400794
vt 0.586538 0.375000
vt 0.586538 0.349206
vt 0.586538 0.323413
vt 0.586538 0.297619
vt 0.586538 0.271825
vt 0.586538 0.246032
vt 0.586538 0.220238
vt 0.586538 0.194444
vt 0.586538 0.613095
vt 0.586538 0.583333
vt 0.586538 0.553571
vt 0.586538 0.523809
vt 0.586538 0.494048
vt 0.586538 0.464286
vt 0.586538 0.434524
vt 0.586538 0.404762
vt 0.586538 0.375000
vt 0.586538 0.345238
vt 0.586538 0.315476
vt 0.586538 0.285714
vt 0.586538 0.255952
vt 0.586538 0.226190
vt 0.586538 0.196429
vt 0.586538 0.166667
vt 0.586538 0.644841
vt 0.586538 0.611111
vt 0.586538 0.577381
vt 0.586538 0.543651
vt 0.586538 0.509921
vt 0.586538 0.476190
vt 0.586538 0.442460
vt 0.586538 0.408730
vt 0.586538 0.375000
vt 0.586538 0.341270
vt 0.586538 0.307540
vt 0.586538 0.273810
vt 0.586538 0.240079
vt 0.586538 0.206349
vt 0.586538 0.172619
vt 0.586538 0.138889
vt 0.586538 0.676587
vt 0.586538 0.638889
vt 0.586538 0.601190
vt 0.586538 0.563492
vt 0.586538 0.525794
vt 0.586538 0.488095
vt 0.586538 0.450397
vt 0.586538 0.412698
vt 0.586538 0.375000
vt 0.586538 0.337302
vt 0.586538 0.299603
vt 0.586538 0.261905
vt 0.586538 0.224206
vt 0.586538 0.186508
vt 0.586538 0.148809
vt 0.586538 0.111111
vt 0.586538 0.708333
vt 0.586538 0.666667
vt 0.586538 0.625000
vt 0.586538 0.583333
vt 0.586538 0.541667
vt 0.586538 0.500000
vt 0.586538 0.458333
vt 0.586538 0.416667
vt 0.586538 0.375000
vt 0.586538 0.333333
vt 0.586538 0.291667
vt 0.586538 0.250000
vt 0.586538 0.208333
vt 0.586538 0.166667
vt 0.586538 0.125000
vt 0.586538 0.083333
vt 0.586538 0.472222
vt 0.586538 0.458333
vt 0.586538 0.444444
vt 0.586538 0.430556
vt 0.586538 0.416667
vt 0.586538 0.402778
vt 0.586538 0.388889
vt 0.586538 0.375000
vt 0.586538 0.361111
vt 0.586538 0.347222
vt 0.586538 0.333333
vt 0.586538 0.319444
vt 0.586538 0.305556
vt 0.586538 0.291667
vt 0.586538 0.277778
vt 0.638889 0.500000
vt 0.652778 0.500000
vt 0.666667 0.500000
vt 0.680555 0.500000
vt 0.694444 0.500000
vt 0.708333 0.500000
vt 0.722222 0.500000
vt 0.736111 0.500000
vt 0.750000 0.500000
vt 0.763889 0.500000
vt 0.777778 0.500000
vt 0.791667 0.500000
vt 0.805555 0.500000
vt 0.819445 0.500000
vt 0.833333 0.500000
vt 0.847222 0.500000
vt 0.605769 0.763889
vt 0.586538 0.763889
vt 0.605769 0.777778
vt 0.586538 0.777778
vt 0.605769 0.791667
vt 0.586538 0.791667
vt 0.605769 0.805556
vt 0.586538 0.805555
vt 0.605769 0.819445
vt 0.586538 0.819444
vt 0.605769 0.833333
vt 0.586538 0.833333
vt 0.605769 0.847222
vt 0.586538 0.847222
vt 0.605769 0.861111
vt 0.586538 0.861111
vt 0.605769 0.875000
vt 0.586538 0.875000
vt 0.605769 0.888889
vt 0.586538 0.888889
vt 0.605769 0.902778
vt 0.586538 0.902778
vt 0.605769 0.916667
vt 0.586538 0.916667
vt 0.605769 0.930556
vt 0.586538 0.930556
vt 0.605769 0.944445
vt 0.586538 0.944445
vt 0.605769 0.958333
vt 0.586538 0.958333
vt 0.605769 0.972222
vt 0.586538 0.972222
vt 0.567308 0.763889
vt 0.567308 0.777778
vt 0.567308 0.791667
vt 0.567308 0.805556
vt 0.567308 0.819444
vt 0.567308 0.833333
vt 0.567308 0.847222
vt 0.567308 0.861111
vt 0.567308 0.875000
vt 0.567308 0.888889
vt 0.567308 0.902778
vt 0.567308 0.916667
vt 0.567308 0.930556
vt 0.567308 0.944444
vt 0.567308 0.958333
vt 0.567308 0.972222
vt 0.548077 0.763889
vt 0.548077 0.777778
vt 0.548077 0.791667
vt 0.548077 0.805555
vt 0.548077 0.819444
vt 0.548077 0.833333
vt 0.548077 0.847222
vt 0.548077 0.861111
vt 0.548077 0.875000
vt 0.548077 0.888889
vt 0.548077 0.902778
vt 0.548077 0.916667
vt 0.548077 0.930555
vt 0.548077 0.944444
vt 0.548077 0.958333
vt 0.548077 0.972222
vt 0.528846 0.763889
vt 0.528846 0.777778
vt 0.528846 0.791667
vt 0.528846 0.805556
vt 0.528846 0.819445
vt 0.528846 0.833333
vt 0.528846 0.847222
vt 0.528846 0.861111
vt 0.528846 0.875000
vt 0.528846 0.888889
vt 0.528846 0.902778
vt 0.528846 0.916667
vt 0.528846 0.930556
vt 0.528846 0.944445
vt 0.528846 0.958333
vt 0.528846 0.972222
vt 0.509615 0.763889
vt 0.509615 0.777778
vt 0.509615 0.791667
vt 0.509615 0.805555
vt 0.509615 0.819444
vt 0.509615 0.833333
vt 0.509615 0.847222
vt 0.509615 0.861111
vt 0.509615 0.875000
vt 0.509615 0.888889
vt 0.509615 0.902778
vt 0.509615 0.916667
vt 0.509615 0.930556
vt 0.509615 0.944444
vt 0.509615 0.958333
vt 0.509615 0.972222
vt 0.490385 0.763889
vt 0.490385 0.777778
vt 0.490385 0.791667
vt 0.490385 0.805556
vt 0.490385 0.819444
vt 0.490385 0.833333
vt 0.490385 0.847222
vt 0.490385 0.861111
vt 0.490385 0.875000
vt 0.490385 0.888889
vt 0.490385 0.902778
vt 0.490385 0.916667
vt 0.490385 0.930556
vt 0.490385 0.944445
vt 0.490385 0.958333
vt 0.490385 0.972222
vt 0.471154 0.763889
vt 0.471154 0.777778
vt 0.471154 0.791667
vt 0.471154 0.805555
vt 0.471154 0.819444
vt 0.471154 0.833333
vt 0.471154 0.847222
vt 0.471154 0.861111
vt 0.471154 0.875000
vt 0.471154 0.888889
vt 0.471154 0.902778
vt 0.471154 0.916667
vt 0.471154 0.930555
vt 0.471154 0.944444
vt 0.471154 0.958333
vt 0.471154 0.972222
vt 0.451923 0.763889
vt 0.451923 0.777778
vt 0.451923 0.791667
vt 0.451923 0.805556
vt 0.451923 0.819444
vt 0.451923 0.833333
vt 0.451923 0.847222
vt 0.451923 0.861111
vt 0.451923 0.875000
vt 0.451923 0.888889
vt 0.451923 0.902778
vt 0.451923 0.916667
vt 0.451923 0.930556
vt 0.451923 0.944445
vt 0.451923 0.958333
vt 0.451923 0.972222
vt 0.432692 0.763889
vt 0.432692 0.777778
vt 0.432692 0.791667
vt 0.432692 0.805556
vt 0.432692 0.819444
vt 0.432692 0.833333
vt 0.432692 0.847222
vt 0.432692 0.861111
vt 0.432692 0.875000
vt 0.432692 0.888889
vt 0.432692 0.902778
vt 0.432692 0.916667
vt 0.432692 0.930556
vt 0.432692 0.944444
vt 0.432692 0.958333
vt 0.432692 0.972222
vt 0.413462 0.763889
vt 0.413462 0.777778
vt 0.413462 0.791667
vt 0.413461 0.805555
vt 0.413461 0.819444
vt 0.413461 0.833333
vt 0.413461 0.847222
vt 0.413461 0.861111
vt 0.413462 0.875000
vt 0.413461 0.888889
vt 0.413462 0.902778
vt 0.413462 0.916667
vt 0.413462 0.930556
vt 0.413462 0.944444
vt 0.413462 0.958333
vt 0.413462 0.972222
vt 0.394231 0.763889
vt 0.394231 0.777778
vt 0.394231 0.791667
vt 0.394231 0.805556
vt 0.394231 0.819445
vt 0.394231 0.833333
vt 0.394231 0.847222
vt 0.394231 0.861111
vt 0.394231 0.875000
vt 0.394231 0.888889
vt 0.394231 0.902778
vt 0.394231 0.916667
vt 0.394231 0.930556
vt 0.394231 0.944445
vt 0.394231 0.958333
vt 0.394231 0.972222
vt 0.375000 0.763889
vt 0.375000 0.777778
vt 0.375000 0.791667
vt 0.375000 0.805556
vt 0.375000 0.819444
vt 0.375000 0.833333
vt 0.375000 0.847222
vt 0.375000 0.861111
vt 0.375000 0.875000
vt 0.375000 0.888889
vt 0.375000 0.902778
vt 0.375000 0.916667
vt 0.375000 0.930555
vt 0.375000 0.944444
vt 0.375000 0.958333
vt 0.375000 0.972222
vt 0.567308 0.263889
vt 0.567308 0.277778
vt 0.567308 0.291667
vt 0.567308 0.305556
vt 0.567308 0.319445
vt 0.567308 0.333333
vt 0.567308 0.347222
vt 0.567308 0.361111
vt 0.567308 0.375000
vt 0.567308 0.388889
vt 0.567308 0.402778
vt 0.567308 0.416667
vt 0.567308 0.430556
vt 0.567308 0.444444
vt 0.567308 0.458333
vt 0.567308 0.472222
vt 0.548077 0.263889
vt 0.548077 0.277778
vt 0.548077 0.291667
vt 0.548077 0.305556
vt 0.548077 0.319444
vt 0.548077 0.333333
vt 0.548077 0.347222
vt 0.548077 0.361111
vt 0.548077 0.375000
vt 0.548077 0.388889
vt 0.548077 0.402778
vt 0.548077 0.416667
vt 0.548077 0.430556
vt 0.548077 0.444445
vt 0.548077 0.458333
vt 0.548077 0.472222
vt 0.528846 0.263889
vt 0.528846 0.277778
vt 0.528846 0.291667
vt 0.528846 0.305556
vt 0.528846 0.319444
vt 0.528846 0.333333
vt 0.528846 0.347222
vt 0.528846 0.361111
vt 0.528846 0.375000
vt 0.528846 0.388889
vt 0.528846 0.402778
vt 0.528846 0.416667
vt 0.528846 0.430556
vt 0.528846 0.444444
vt 0.528846 0.458333
vt 0.528846 0.472222
vt 0.509615 0.263889
vt 0.509615 0.277778
vt 0.509615 0.291667
vt 0.509615 0.305556
vt 0.509615 0.319444
vt 0.509615 0.333333
vt 0.509615 0.347222
vt 0.509615 0.361111
vt 0.509615 0.375000
vt 0.509615 0.388889
vt 0.509615 0.402778
vt 0.509615 0.416667
vt 0.509615 0.430556
vt 0.509615 0.444444
vt 0.509615 0.458333
vt 0.509615 0.472222
vt 0.490385 0.263889
vt 0.490385 0.277778
vt 0.490385 0.291667
vt 0.490385 0.305556
vt 0.490385 0.319444
vt 0.490385 0.333333
vt 0.490385 0.347222
vt 0.490385 0.361111
vt 0.490385 0.375000
vt 0.490385 0.388889
vt 0.490385 0.402778
vt 0.490385 0.416667
vt 0.490385 0.430556
vt 0.490385 0.444444
vt 0.490385 0.458333
vt 0.490385 0.472222
vt 0.471154 0.263889
vt 0.471154 0.277778
vt 0.471154 0.291667
vt 0.471154 0.305556
vt 0.471154 0.319444
vt 0.471154 0.333333
vt 0.471154 0.347222
vt 0.471154 0.361111
vt 0.471154 0.375000
vt 0.471154 0.388889
vt 0.471154 0.402778
vt 0.471154 0.416667
vt 0.471154 0.430556
vt 0.471154 0.444445
vt 0.471154 0.458333
vt 0.471154 0.472222
vt 0.451923 0.263889
vt 0.451923 0.277778
vt 0.451923 0.291667
vt 0.451923 0.305556
vt 0.451923 0.319445
vt 0.451923 0.333333
vt 0.451923 0.347222
vt 0.451923 0.361111
vt 0.451923 0.375000
vt 0.451923 0.388889
vt 0.451923 0.402778
vt 0.451923 0.416667
vt 0.451923 0.430556
vt 0.451923 0.444444
vt 0.451923 0.458333
vt 0.451923 0.472222
vt 0.432692 0.263889
vt 0.432692 0.277778
vt 0.432692 0.291667
vt 0.432692 0.305556
vt 0.432692 0.319445
vt 0.432692 0.333333
vt 0.432692 0.347222
vt 0.432692 0.361111
vt 0.432692 0.375000
vt 0.432692 0.388889
vt 0.432692 0.402778
vt 0.432692 0.416667
vt 0.432692 0.430556
vt 0.432692 0.444444
vt 0.432692 0.458333
vt 0.432692 0.472222
vt 0.413461 0.263889
vt 0.413462 0.277778
vt 0.413462 0.291667
vt 0.413462 0.305556
vt 0.413462 0.319444
vt 0.413462 0.333333
vt 0.413462 0.347222
vt 0.413462 0.361111
vt 0.413461 0.375000
vt 0.413461 0.388889
vt 0.413461 0.402778
vt 0.413462 0.416667
vt 0.413462 0.430556
vt 0.413462 0.444444
vt 0.413462 0.458333
vt 0.413462 0.472222
vt 0.394231 0.263889
vt 0.394231 0.277778
vt 0.394231 0.291667
vt 0.394231 0.305556
vt 0.394231 0.319444
vt 0.394231 0.333333
vt 0.394231 0.347222
vt 0.394231 0.361111
vt 0.394231 0.375000
vt 0.394231 0.388889
vt 0.394231 0.402778
vt 0.394231 0.416667
vt 0.394231 0.430556
vt 0.394231 0.444445
vt 0.394231 0.458333
vt 0.394231 0.472222
vt 0.375000 0.263889
vt 0.375000 0.277778
vt 0.375000 0.291667
vt 0.375000 0.305556
vt 0.375000 0.319444
vt 0.375000 0.333333
vt 0.375000 0.347222
vt 0.375000 0.361111
vt 0.375000 0.375000
vt 0.375000 0.388889
vt 0.375000 0.402778
vt 0.375000 0.416667
vt 0.375000 0.430556
vt 0.375000 0.444444
vt 0.375000 0.458333
vt 0.375000 0.472222
vt 0.125000 0.500000
vt 0.138889 0.500000
vt 0.138889 0.750000
vt 0.125000 0.750000
vt 0.152778 0.500000
vt 0.152778 0.750000
vt 0.166667 0.500000
vt 0.166667 0.750000
vt 0.180556 0.500000
vt 0.180556 0.750000
vt 0.194444 0.500000
vt 0.194444 0.750000
vt 0.208333 0.500000
vt 0.208333 0.750000
vt 0.222222 0.500000
vt 0.222222 0.750000
vt 0.236111 0.500000
vt 0.236111 0.750000
vt 0.250000 0.500000
vt 0.250000 0.750000
vt 0.263889 0.500000
vt 0.263889 0.750000
vt 0.277778 0.500000
vt 0.277778 0.750000
vt 0.291667 0.500000
vt 0.291667 0.750000
vt 0.305556 0.500000
vt 0.305556 0.750000
vt 0.319444 0.500000
vt 0.319444 0.750000
vt 0.333333 0.500000
vt 0.333333 0.750000
vt 0.347222 0.500000
vt 0.347222 0.750000
vt 0.625000 0.763889
vt 0.625000 0.777778
vt 0.625000 0.791667
vt 0.625000 0.805556
vt 0.625000 0.819444
vt 0.625000 0.833333
vt 0.625000 0.847222
vt 0.625000 0.861111
vt 0.625000 0.875000
vt 0.625000 0.888889
vt 0.625000 0.902778
vt 0.625000 0.916667
vt 0.625000 0.930556
vt 0.625000 0.944444
vt 0.625000 0.958333
vt 0.625000 0.972222
vt 0.638889 0.750000
vt 0.666667 0.750000
vt 0.708333 0.750000
vt 0.722222 0.750000
vt 0.750000 0.750000
vt 0.763889 0.750000
vt 0.777778 0.750000
vt 0.791667 0.750000
vt 0.805555 0.750000
vt 0.586538 0.763889
vt 0.567308 0.763889
vt 0.586538 0.777778
vt 0.586538 0.791667
vt 0.567308 0.791667
vt 0.586538 0.805556
vt 0.567308 0.805555
vt 0.586538 0.819444
vt 0.586538 0.833333
vt 0.567308 0.833333
vt 0.586538 0.847222
vt 0.567308 0.847222
vt 0.586538 0.861111
vt 0.567308 0.861111
vt 0.586538 0.875000
vt 0.567308 0.875000
vt 0.567308 0.888889
vt 0.567308 0.902778
vt 0.567308 0.916667
vt 0.586538 0.930556
vt 0.567308 0.930556
vt 0.586538 0.944445
vt 0.567308 0.944444
vt 0.586538 0.958333
vt 0.567308 0.958333
vt 0.586538 0.972222
vt 0.567308 0.972222
vt 0.548077 0.777778
vt 0.548077 0.791667
vt 0.548077 0.819444
vt 0.548077 0.833333
vt 0.548077 0.875000
vt 0.548077 0.888889
vt 0.548077 0.902778
vt 0.548077 0.916667
vt 0.548077 0.930556
vt 0.548077 0.944444
vt 0.548077 0.958333
vt 0.528846 0.763889
vt 0.528846 0.791667
vt 0.528846 0.805556
vt 0.528846 0.819444
vt 0.528846 0.833333
vt 0.528846 0.861111
vt 0.528846 0.875000
vt 0.528846 0.888889
vt 0.528846 0.902778
vt 0.528846 0.944445
vt 0.528846 0.972222
vt 0.509615 0.777778
vt 0.509615 0.791667
vt 0.509615 0.805556
vt 0.509615 0.819444
vt 0.509615 0.833333
vt 0.509615 0.847222
vt 0.509615 0.861111
vt 0.509615 0.875000
vt 0.509615 0.888889
vt 0.509615 0.930555
vt 0.509615 0.944444
vt 0.509615 0.958333
vt 0.509615 0.972222
vt 0.490385 0.847222
vt 0.490385 0.861111
vt 0.490385 0.902778
vt 0.490385 0.958333
vt 0.490385 0.972222
vt 0.471154 0.777778
vt 0.471154 0.791667
vt 0.471154 0.805556
vt 0.471154 0.819444
vt 0.471154 0.833333
vt 0.471154 0.847222
vt 0.471154 0.861111
vt 0.471154 0.875000
vt 0.471154 0.902778
vt 0.471154 0.916667
vt 0.471154 0.930556
vt 0.471154 0.944445
vt 0.471154 0.958333
vt 0.471154 0.972222
vt 0.451923 0.763889
vt 0.451923 0.777778
vt 0.451923 0.791667
vt 0.451923 0.805556
vt 0.451923 0.819444
vt 0.451923 0.833333
vt 0.451923 0.847222
vt 0.451923 0.861111
vt 0.451923 0.875000
vt 0.451923 0.888889
vt 0.451923 0.902778
vt 0.451923 0.916667
vt 0.451923 0.930556
vt 0.451923 0.944444
vt 0.451923 0.972222
vt 0.432692 0.763889
vt 0.432692 0.777778
vt 0.432692 0.791667
vt 0.432692 0.805556
vt 0.432692 0.819444
vt 0.432692 0.833333
vt 0.432692 0.847222
vt 0.432692 0.861111
vt 0.432692 0.875000
vt 0.432692 0.888889
vt 0.432692 0.902778
vt 0.432692 0.916667
vt 0.432692 0.930556
vt 0.432692 0.944445
vt 0.432692 0.958333
vt 0.432692 0.972222
vt 0.413462 0.777778
vt 0.413462 0.791667
vt 0.413462 0.805556
vt 0.413462 0.819444
vt 0.413461 0.833333
vt 0.413462 0.847222
vt 0.413462 0.888889
vt 0.413462 0.902778
vt 0.413462 0.916667
vt 0.413461 0.930556
vt 0.413462 0.944445
vt 0.413462 0.958333
vt 0.394231 0.819444
vt 0.394231 0.833333
vt 0.394231 0.861111
vt 0.394231 0.875000
vt 0.394231 0.888889
vt 0.394231 0.902778
vt 0.394231 0.916667
vt 0.394231 0.930556
vt 0.394231 0.944444
vt 0.394231 0.958333
vt 0.375000 0.777778
vt 0.375000 0.791667
vt 0.375000 0.805556
vt 0.375000 0.888889
vt 0.375000 0.902778
vt 0.375000 0.972222
vt 0.605769 0.263889
vt 0.586538 0.263889
vt 0.605769 0.277778
vt 0.605769 0.291667
vt 0.586538 0.291667
vt 0.605769 0.305556
vt 0.586538 0.305556
vt 0.605769 0.319444
vt 0.605769 0.333333
vt 0.605769 0.347222
vt 0.586538 0.347222
vt 0.605769 0.361111
vt 0.586538 0.361111
vt 0.605769 0.375000
vt 0.605769 0.388889
vt 0.605769 0.402778
vt 0.586538 0.402778
vt 0.605769 0.416667
vt 0.586538 0.416667
vt 0.605769 0.430556
vt 0.586538 0.430556
vt 0.605769 0.444444
vt 0.586538 0.444445
vt 0.605769 0.458333
vt 0.586538 0.458333
vt 0.605769 0.472222
vt 0.586538 0.472222
vt 0.567308 0.263889
vt 0.567308 0.291667
vt 0.567308 0.319444
vt 0.567308 0.333333
vt 0.567308 0.388889
vt 0.567308 0.402778
vt 0.567308 0.416667
vt 0.567308 0.430556
vt 0.567308 0.444444
vt 0.567308 0.472222
vt 0.548077 0.263889
vt 0.548077 0.277778
vt 0.548077 0.291667
vt 0.548077 0.305556
vt 0.548077 0.319444
vt 0.548077 0.333333
vt 0.548077 0.347222
vt 0.548077 0.361111
vt 0.548077 0.388889
vt 0.548077 0.402778
vt 0.548077 0.416667
vt 0.548077 0.430556
vt 0.548077 0.444444
vt 0.548077 0.458333
vt 0.548077 0.472222
vt 0.528846 0.277778
vt 0.528846 0.305556
vt 0.528846 0.319444
vt 0.528846 0.333333
vt 0.528846 0.361111
vt 0.528846 0.375000
vt 0.528846 0.402778
vt 0.528846 0.416667
vt 0.528846 0.430556
vt 0.528846 0.444444
vt 0.528846 0.458333
vt 0.528846 0.472222
vt 0.509615 0.263889
vt 0.509615 0.277778
vt 0.509615 0.305556
vt 0.509615 0.333333
vt 0.509615 0.347222
vt 0.509615 0.361111
vt 0.509615 0.388889
vt 0.509615 0.416667
vt 0.509615 0.430556
vt 0.509615 0.458333
vt 0.509615 0.472222
vt 0.490385 0.333333
vt 0.490385 0.361111
vt 0.490385 0.402778
vt 0.490385 0.444444
vt 0.490385 0.472222
vt 0.471154 0.263889
vt 0.471154 0.277778
vt 0.471154 0.291667
vt 0.471154 0.305556
vt 0.471154 0.319444
vt 0.471154 0.333333
vt 0.471154 0.361111
vt 0.471154 0.388889
vt 0.471154 0.416667
vt 0.471154 0.430556
vt 0.471154 0.444444
vt 0.471154 0.458333
vt 0.471154 0.472222
vt 0.451923 0.277778
vt 0.451923 0.291667
vt 0.451923 0.305556
vt 0.451923 0.319444
vt 0.451923 0.333333
vt 0.451923 0.347222
vt 0.451923 0.361111
vt 0.451923 0.416667
vt 0.451923 0.430556
vt 0.451923 0.444444
vt 0.451923 0.458333
vt 0.451923 0.472222
vt 0.432692 0.263889
vt 0.432692 0.305556
vt 0.432692 0.319444
vt 0.432692 0.333333
vt 0.432692 0.375000
vt 0.432692 0.388889
vt 0.432692 0.402778
vt 0.432692 0.416667
vt 0.432692 0.430556
vt 0.432692 0.444444
vt 0.432692 0.472222
vt 0.413461 0.263889
vt 0.413462 0.277778
vt 0.413461 0.319444
vt 0.413461 0.361111
vt 0.413461 0.402778
vt 0.413462 0.416667
vt 0.413462 0.444445
vt 0.413462 0.458333
vt 0.413462 0.472222
vt 0.394231 0.263889
vt 0.394231 0.277778
vt 0.394231 0.291667
vt 0.394231 0.305556
vt 0.394231 0.347222
vt 0.394231 0.388889
vt 0.394231 0.416667
vt 0.394231 0.430556
vt 0.394231 0.444444
vt 0.375000 0.291667
vt 0.375000 0.333333
vt 0.375000 0.347222
vt 0.375000 0.444444
vt 0.375000 0.472222
vt 0.625000 0.263889
vt 0.625000 0.277778
vt 0.625000 0.291667
vt 0.625000 0.305556
vt 0.625000 0.319444
vt 0.625000 0.333333
vt 0.625000 0.347222
vt 0.625000 0.361111
vt 0.625000 0.375000
vt 0.625000 0.388889
vt 0.625000 0.402778
vt 0.625000 0.416667
vt 0.625000 0.430556
vt 0.625000 0.444444
vt 0.625000 0.458333
vt 0.625000 0.472222
vt 0.152778 0.500000
vt 0.152778 0.750000
vt 0.166667 0.500000
vt 0.166667 0.750000
vt 0.180556 0.500000
vt 0.180556 0.750000
vt 0.236111 0.500000
vt 0.236111 0.750000
vt 0.263889 0.750000
vt 0.291667 0.750000
vt 0.333333 0.500000
vt 0.652778 0.500000
vt 0.666667 0.500000
vt 0.680556 0.500000
vt 0.722222 0.500000
vt 0.750000 0.500000
vt 0.777778 0.500000
vt 0.819444 0.500000
vt 0.847222 0.500000
s 0
usemtl Material
f 200/1/1 5/2/1 7/3/1 182/4/1
f 32/5/2 7/6/2 5/7/2 45/8/2
f 149/9/3 2/10/3 4/11/3 199/12/3
f 9/13/4 1/14/4 3/15/4 33/16/4
f 420/17/5 216/18/5 1/14/5 9/13/5
f 149/19/6 233/20/6 20/21/6 2/10/6
f 233/20/7 250/22/7 19/23/7 20/21/7
f 250/22/8 267/24/8 18/25/8 19/23/8
f 267/24/9 284/26/9 17/27/9 18/25/9
f 284/26/10 301/28/10 16/29/10 17/27/10
f 301/28/11 318/30/11 15/31/11 16/29/11
f 318/30/12 335/32/12 14/33/12 15/31/12
f 335/32/13 352/34/13 13/35/13 14/33/13
f 352/34/14 369/36/14 12/37/14 13/35/14
f 369/36/15 386/38/15 11/39/15 12/37/15
f 386/38/16 403/40/16 10/41/16 11/39/16
f 403/40/17 420/17/17 9/13/17 10/41/17
f 2/10/18 20/21/18 44/42/18 4/11/18
f 20/21/19 19/23/19 43/43/19 44/42/19
f 19/23/20 18/25/20 42/44/20 43/43/20
f 18/25/21 17/27/21 41/45/21 42/44/21
f 17/27/22 16/29/22 40/46/22 41/45/22
f 16/29/23 15/31/23 39/47/23 40/46/23
f 15/31/24 14/33/24 38/48/24 39/47/24
f 14/33/25 13/35/25 37/49/25 38/48/25
f 13/35/26 12/37/26 36/50/26 37/49/26
f 12/37/27 11/39/27 35/51/27 36/50/27
f 11/39/28 10/41/28 34/52/28 35/51/28
f 10/41/29 9/13/29 33/16/29 34/52/29
f 8/53/30 21/54/30 56/55/30 6/56/30
f 21/54/31 22/57/31 55/58/31 56/55/31
f 22/57/32 23/59/32 54/60/32 55/58/32
f 23/59/33 24/61/33 53/62/33 54/60/33
f 24/61/34 25/63/34 52/64/34 53/62/34
f 25/63/35 26/65/35 51/66/35 52/64/35
f 26/65/36 27/67/36 50/68/36 51/66/36
f 27/67/37 28/69/37 49/70/37 50/68/37
f 28/69/38 29/71/38 48/72/38 49/70/38
f 29/71/39 30/73/39 47/74/39 48/72/39
f 30/73/40 31/75/40 46/76/40 47/74/40
f 31/75/41 32/5/41 45/8/41 46/76/41
f 183/77/42 437/78/42 21/79/42 8/80/42
f 437/78/43 454/81/43 22/82/43 21/79/43
f 454/81/44 471/83/44 23/84/44 22/82/44
f 471/83/45 488/85/45 24/86/45 23/84/45
f 488/85/46 505/87/46 25/88/46 24/86/46
f 505/87/47 522/89/47 26/90/47 25/88/47
f 522/89/48 539/91/48 27/92/48 26/90/48
f 539/91/49 556/93/49 28/94/49 27/92/49
f 556/93/50 573/95/50 29/96/50 28/94/50
f 573/95/51 590/97/51 30/98/51 29/96/51
f 590/97/52 607/99/52 31/100/52 30/98/52
f 659/101/1 61/2/1 63/3/1 641/102/1
f 1066/103/53 641/104/53 63/105/53 88/106/53
f 88/5/54 63/6/54 61/7/54 101/8/54
f 608/9/3 58/10/3 60/11/3 658/12/3
f 65/13/55 57/14/55 59/15/55 89/16/55
f 608/19/56 692/107/56 76/21/56 58/10/56
f 692/107/57 709/108/57 75/23/57 76/21/57
f 709/108/58 726/109/58 74/25/58 75/23/58
f 726/109/59 743/110/59 73/27/59 74/25/59
f 743/110/60 760/28/60 72/29/60 73/27/60
f 760/28/61 777/111/61 71/31/61 72/29/61
f 777/111/62 794/32/62 70/33/62 71/31/62
f 794/32/63 811/112/63 69/35/63 70/33/63
f 811/112/64 828/113/64 68/37/64 69/35/64
f 828/113/65 845/114/65 67/39/65 68/37/65
f 845/114/66 862/115/66 66/41/66 67/39/66
f 58/10/67 76/21/67 100/42/67 60/11/67
f 76/21/68 75/23/68 99/43/68 100/42/68
f 75/23/69 74/25/69 98/44/69 99/43/69
f 74/25/70 73/27/70 97/45/70 98/44/70
f 73/27/71 72/29/71 96/46/71 97/45/71
f 72/29/72 71/31/72 95/47/72 96/46/72
f 71/31/73 70/33/73 94/48/73 95/47/73
f 70/33/74 69/35/74 93/49/74 94/48/74
f 69/35/75 68/37/75 92/50/75 93/49/75
f 68/37/76 67/39/76 91/51/76 92/50/76
f 67/39/77 66/41/77 90/52/77 91/51/77
f 66/41/78 65/13/78 89/16/78 90/52/78
f 64/53/30 77/54/30 112/55/30 62/56/30
f 77/54/31 78/57/31 111/58/31 112/55/31
f 78/57/32 79/59/32 110/60/32 111/58/32
f 79/59/33 80/61/33 109/62/33 110/60/33
f 80/61/34 81/63/34 108/64/34 109/62/34
f 81/63/35 82/65/35 107/66/35 108/64/35
f 82/65/36 83/67/36 106/68/36 107/66/36
f 83/67/79 84/69/79 105/70/79 106/68/79
f 84/69/80 85/71/80 104/72/80 105/70/80
f 85/71/81 86/73/81 103/74/81 104/72/81
f 86/73/82 87/75/82 102/76/82 103/74/82
f 87/75/83 88/5/83 101/8/83 102/76/83
f 642/77/84 879/116/84 77/79/84 64/80/84
f 879/116/85 896/117/85 78/82/85 77/79/85
f 896/117/86 913/118/86 79/84/86 78/82/86
f 913/118/87 930/119/87 80/86/87 79/84/87
f 930/119/88 947/120/88 81/88/88 80/86/88
f 947/120/89 964/121/89 82/90/89 81/88/89
f 964/121/90 981/122/90 83/92/90 82/90/90
f 981/122/91 998/123/91 84/94/91 83/92/91
f 998/123/92 1015/124/92 85/96/92 84/94/92
f 1015/124/93 1032/125/93 86/98/93 85/96/93
f 1032/125/94 1049/126/94 87/100/94 86/98/94
f 1049/126/95 1066/103/95 88/106/95 87/100/95
f 1254/127/1 124/128/1 61/2/1 659/101/1
f 130/129/96 101/8/96 61/7/96 124/130/96
f 136/131/97 118/132/97 57/14/97 65/13/97
f 142/133/98 102/76/98 101/8/98 130/129/98
f 148/134/99 136/131/99 65/13/99 66/41/99
f 1168/135/100 846/136/100 102/76/100 142/133/100
f 607/137/101 1083/138/101 137/139/101 31/75/101
f 1083/138/102 1100/140/102 138/141/102 137/139/102
f 1100/140/103 1117/142/103 139/143/103 138/141/103
f 1117/142/3 1134/144/3 140/145/3 139/143/3
f 1134/144/104 1151/146/104 141/147/104 140/145/104
f 1151/146/105 1168/135/105 142/133/105 141/147/105
f 34/52/106 33/16/106 131/148/106 143/149/106
f 143/149/107 131/148/107 132/150/107 144/151/107
f 144/151/108 132/150/108 133/152/108 145/153/108
f 145/153/109 133/152/109 134/154/109 146/155/109
f 146/155/110 134/154/110 135/156/110 147/157/110
f 147/157/111 135/156/111 136/131/111 148/134/111
f 31/75/112 137/139/112 125/158/112 32/5/112
f 137/139/113 138/141/113 126/159/113 125/158/113
f 138/141/114 139/143/114 127/160/114 126/159/114
f 139/143/115 140/145/115 128/161/115 127/160/115
f 140/145/116 141/147/116 129/162/116 128/161/116
f 141/147/117 142/133/117 130/129/117 129/162/117
f 33/16/118 3/15/118 113/163/118 131/148/118
f 131/148/119 113/163/119 114/164/119 132/150/119
f 132/150/120 114/164/120 115/165/120 133/152/120
f 133/152/121 115/165/121 116/166/121 134/154/121
f 134/154/122 116/166/122 117/167/122 135/156/122
f 135/156/123 117/167/123 118/132/123 136/131/123
f 32/5/124 125/158/124 119/168/124 7/3/124
f 125/158/125 126/159/125 120/169/125 119/168/125
f 126/159/126 127/160/126 121/170/126 120/169/126
f 127/160/127 128/161/127 122/171/127 121/170/127
f 128/161/128 129/162/128 123/172/128 122/171/128
f 129/162/129 130/129/129 124/130/129 123/172/129
f 182/4/1 7/3/1 119/173/1 1169/174/1
f 1169/174/1 119/173/1 120/175/1 1186/176/1
f 1186/176/1 120/175/1 121/177/1 1203/178/1
f 1203/178/1 121/177/1 122/179/1 1220/180/1
f 1220/180/1 122/179/1 123/181/1 1237/182/1
f 1237/182/1 123/181/1 124/128/1 1254/127/1
f 117/167/1 1253/183/1 1270/184/1 118/132/1
f 1253/183/1 1252/185/1 1269/186/1 1270/184/1
f 1252/185/1 1251/187/1 1268/188/1 1269/186/1
f 1251/187/1 1250/189/1 1267/190/1 1268/188/1
f 1250/189/1 1249/191/1 1266/192/1 1267/190/1
f 1249/191/1 1248/193/1 1265/194/1 1266/192/1
f 1248/193/1 1247/195/1 1264/196/1 1265/194/1
f 1247/195/1 1246/197/1 1263/198/1 1264/196/1
f 1246/197/1 1245/199/1 1262/200/1 1263/198/1
f 1245/199/1 1244/201/1 1261/202/1 1262/200/1
f 1244/201/1 1243/203/1 1260/204/1 1261/202/1
f 1243/203/1 1242/205/1 1259/206/1 1260/204/1
f 1242/205/1 1241/207/1 1258/208/1 1259/206/1
f 1241/207/1 1240/209/1 1257/210/1 1258/208/1
f 1240/209/1 1239/211/1 1256/212/1 1257/210/1
f 1239/211/1 1238/213/1 1255/214/1 1256/212/1
f 1238/213/1 1237/182/1 1254/127/1 1255/214/1
f 116/166/1 1236/215/1 1253/183/1 117/167/1
f 1236/215/1 1235/216/1 1252/185/1 1253/183/1
f 1235/216/1 1234/217/1 1251/187/1 1252/185/1
f 1234/217/1 1233/218/1 1250/189/1 1251/187/1
f 1233/218/1 1232/219/1 1249/191/1 1250/189/1
f 1232/219/1 1231/220/1 1248/193/1 1249/191/1
f 1231/220/1 1230/221/1 1247/195/1 1248/193/1
f 1230/221/1 1229/222/1 1246/197/1 1247/195/1
f 1229/222/1 1228/223/1 1245/199/1 1246/197/1
f 1228/223/1 1227/224/1 1244/201/1 1245/199/1
f 1227/224/1 1226/225/1 1243/203/1 1244/201/1
f 1226/225/1 1225/226/1 1242/205/1 1243/203/1
f 1225/226/1 1224/227/1 1241/207/1 1242/205/1
f 1224/227/1 1223/228/1 1240/209/1 1241/207/1
f 1223/228/1 1222/229/1 1239/211/1 1240/209/1
f 1222/229/1 1221/230/1 1238/213/1 1239/211/1
f 1221/230/1 1220/180/1 1237/182/1 1238/213/1
f 115/165/1 1219/231/1 1236/215/1 116/166/1
f 1219/231/1 1218/232/1 1235/216/1 1236/215/1
f 1218/232/1 1217/233/1 1234/217/1 1235/216/1
f 1217/233/1 1216/234/1 1233/218/1 1234/217/1
f 1216/234/1 1215/235/1 1232/219/1 1233/218/1
f 1215/235/1 1214/236/1 1231/220/1 1232/219/1
f 1214/236/1 1213/237/1 1230/221/1 1231/220/1
f 1213/237/1 1212/238/1 1229/222/1 1230/221/1
f 1212/238/1 1211/239/1 1228/223/1 1229/222/1
f 1211/239/1 1210/240/1 1227/224/1 1228/223/1
f 1210/240/1 1209/241/1 1226/225/1 1227/224/1
f 1209/241/1 1208/242/1 1225/226/1 1226/225/1
f 1208/242/1 1207/243/1 1224/227/1 1225/226/1
f 1207/243/1 1206/244/1 1223/228/1 1224/227/1
f 1206/244/1 1205/245/1 1222/229/1 1223/228/1
f 1205/245/1 1204/246/1 1221/230/1 1222/229/1
f 1204/246/1 1203/178/1 1220/180/1 1221/230/1
f 114/164/1 1202/247/1 1219/231/1 115/165/1
f 1202/247/1 1201/248/1 1218/232/1 1219/231/1
f 1201/248/1 1200/249/1 1217/233/1 1218/232/1
f 1200/249/1 1199/250/1 1216/234/1 1217/233/1
f 1199/250/1 1198/251/1 1215/235/1 1216/234/1
f 1198/251/1 1197/252/1 1214/236/1 1215/235/1
f 1197/252/1 1196/253/1 1213/237/1 1214/236/1
f 1196/253/1 1195/254/1 1212/238/1 1213/237/1
f 1195/254/1 1194/255/1 1211/239/1 1212/238/1
f 1194/255/1 1193/256/1 1210/240/1 1211/239/1
f 1193/256/1 1192/257/1 1209/241/1 1210/240/1
f 1192/257/1 1191/258/1 1208/242/1 1209/241/1
f 1191/258/1 1190/259/1 1207/243/1 1208/242/1
f 1190/259/1 1189/260/1 1206/244/1 1207/243/1
f 1189/260/1 1188/261/1 1205/245/1 1206/244/1
f 1188/261/1 1187/262/1 1204/246/1 1205/245/1
f 1187/262/1 1186/176/1 1203/178/1 1204/246/1
f 113/163/1 1185/263/1 1202/247/1 114/164/1
f 1185/263/1 1184/264/1 1201/248/1 1202/247/1
f 1184/264/1 1183/265/1 1200/249/1 1201/248/1
f 1183/265/1 1182/266/1 1199/250/1 1200/249/1
f 1182/266/1 1181/267/1 1198/251/1 1199/250/1
f 1181/267/1 1180/268/1 1197/252/1 1198/251/1
f 1180/268/1 1179/269/1 1196/253/1 1197/252/1
f 1179/269/1 1178/270/1 1195/254/1 1196/253/1
f 1178/270/1 1177/271/1 1194/255/1 1195/254/1
f 1177/271/1 1176/272/1 1193/256/1 1194/255/1
f 1176/272/1 1175/273/1 1192/257/1 1193/256/1
f 1175/273/1 1174/274/1 1191/258/1 1192/257/1
f 1174/274/1 1173/275/1 1190/259/1 1191/258/1
f 1173/275/1 1172/276/1 1189/260/1 1190/259/1
f 1172/276/1 1171/277/1 1188/261/1 1189/260/1
f 1171/277/1 1170/278/1 1187/262/1 1188/261/1
f 1170/278/1 1169/174/1 1186/176/1 1187/262/1
f 3/15/1 166/279/1 1185/263/1 113/163/1
f 166/279/1 167/280/1 1184/264/1 1185/263/1
f 167/280/1 168/281/1 1183/265/1 1184/264/1
f 168/281/1 169/282/1 1182/266/1 1183/265/1
f 169/282/1 170/283/1 1181/267/1 1182/266/1
f 170/283/1 171/284/1 1180/268/1 1181/267/1
f 171/284/1 172/285/1 1179/269/1 1180/268/1
f 172/285/1 173/286/1 1178/270/1 1179/269/1
f 173/286/1 174/287/1 1177/271/1 1178/270/1
f 174/287/1 175/288/1 1176/272/1 1177/271/1
f 175/288/1 176/289/1 1175/273/1 1176/272/1
f 176/289/1 177/290/1 1174/274/1 1175/273/1
f 177/290/1 178/291/1 1173/275/1 1174/274/1
f 178/291/1 179/292/1 1172/276/1 1173/275/1
f 179/292/1 180/293/1 1171/277/1 1172/276/1
f 180/293/1 181/294/1 1170/278/1 1171/277/1
f 181/294/1 182/4/1 1169/174/1 1170/278/1
f 147/157/130 148/134/130 1152/295/130 1135/296/130
f 1135/296/131 1152/295/131 1153/297/131 1136/298/131
f 1136/298/132 1153/297/132 1154/299/132 1137/300/132
f 1137/300/133 1154/299/133 1155/301/133 1138/302/133
f 1138/302/134 1155/301/134 1156/303/134 1139/304/134
f 1139/304/135 1156/303/135 1157/305/135 1140/306/135
f 1140/306/136 1157/305/136 1158/307/136 1141/308/136
f 1141/308/137 1158/307/137 1159/309/137 1142/310/137
f 1142/310/138 1159/309/138 1160/311/138 1143/312/138
f 1143/312/139 1160/311/139 1161/313/139 1144/314/139
f 1144/314/140 1161/313/140 1162/315/140 1145/316/140
f 1145/316/141 1162/315/141 1163/317/141 1146/318/141
f 1146/318/142 1163/317/142 1164/319/142 1147/320/142
f 1147/320/143 1164/319/143 1165/321/143 1148/322/143
f 1148/322/144 1165/321/144 1166/323/144 1149/324/144
f 1149/324/145 1166/323/145 1167/325/145 1150/326/145
f 1150/326/146 1167/325/146 1168/135/146 1151/146/146
f 146/155/147 147/157/147 1135/296/147 1118/327/147
f 1118/327/148 1135/296/148 1136/298/148 1119/328/148
f 1119/328/149 1136/298/149 1137/300/149 1120/329/149
f 1120/329/150 1137/300/150 1138/302/150 1121/330/150
f 1121/330/151 1138/302/151 1139/304/151 1122/331/151
f 1122/331/152 1139/304/152 1140/306/152 1123/332/152
f 1123/332/153 1140/306/153 1141/308/153 1124/333/153
f 1124/333/154 1141/308/154 1142/310/154 1125/334/154
f 1125/334/155 1142/310/155 1143/312/155 1126/335/155
f 1126/335/156 1143/312/156 1144/314/156 1127/336/156
f 1127/336/157 1144/314/157 1145/316/157 1128/337/157
f 1128/337/158 1145/316/158 1146/318/158 1129/338/158
f 1129/338/159 1146/318/159 1147/320/159 1130/339/159
f 1130/339/160 1147/320/160 1148/322/160 1131/340/160
f 1131/340/161 1148/322/161 1149/324/161 1132/341/161
f 1132/341/162 1149/324/162 1150/326/162 1133/342/162
f 1133/342/163 1150/326/163 1151/146/163 1134/144/163
f 145/153/3 146/155/3 1118/327/3 1101/343/3
f 1101/343/3 1118/327/3 1119/328/3 1102/344/3
f 1102/344/3 1119/328/3 1120/329/3 1103/345/3
f 1103/345/3 1120/329/3 1121/330/3 1104/346/3
f 1104/346/3 1121/330/3 1122/331/3 1105/347/3
f 1105/347/3 1122/331/3 1123/332/3 1106/348/3
f 1106/348/3 1123/332/3 1124/333/3 1107/349/3
f 1107/349/3 1124/333/3 1125/334/3 1108/350/3
f 1108/350/3 1125/334/3 1126/335/3 1109/351/3
f 1109/351/3 1126/335/3 1127/336/3 1110/352/3
f 1110/352/3 1127/336/3 1128/337/3 1111/353/3
f 1111/353/3 1128/337/3 1129/338/3 1112/354/3
f 1112/354/3 1129/338/3 1130/339/3 1113/355/3
f 1113/355/3 1130/339/3 1131/340/3 1114/356/3
f 1114/356/3 1131/340/3 1132/341/3 1115/357/3
f 1115/357/3 1132/341/3 1133/342/3 1116/358/3
f 1116/358/3 1133/342/3 1134/144/3 1117/142/3
f 144/151/164 145/153/164 1101/343/164 1084/359/164
f 1084/359/165 1101/343/165 1102/344/165 1085/360/165
f 1085/360/166 1102/344/166 1103/345/166 1086/361/166
f 1086/361/167 1103/345/167 1104/346/167 1087/362/167
f 1087/362/168 1104/346/168 1105/347/168 1088/363/168
f 1088/363/169 1105/347/169 1106/348/169 1089/364/169
f 1089/364/170 1106/348/170 1107/349/170 1090/365/170
f 1090/365/171 1107/349/171 1108/350/171 1091/366/171
f 1091/366/172 1108/350/172 1109/351/172 1092/367/172
f 1092/367/173 1109/351/173 1110/352/173 1093/368/173
f 1093/368/174 1110/352/174 1111/353/174 1094/369/174
f 1094/369/175 1111/353/175 1112/354/175 1095/370/175
f 1095/370/176 1112/354/176 1113/355/176 1096/371/176
f 1096/371/177 1113/355/177 1114/356/177 1097/372/177
f 1097/372/178 1114/356/178 1115/357/178 1098/373/178
f 1098/373/179 1115/357/179 1116/358/179 1099/374/179
f 1099/374/180 1116/358/180 1117/142/180 1100/140/180
f 143/149/181 144/151/181 1084/359/181 1067/375/181
f 1067/375/182 1084/359/182 1085/360/182 1068/376/182
f 1068/376/183 1085/360/183 1086/361/183 1069/377/183
f 1069/377/184 1086/361/184 1087/362/184 1070/378/184
f 1070/378/185 1087/362/185 1088/363/185 1071/379/185
f 1071/379/186 1088/363/186 1089/364/186 1072/380/186
f 1072/380/187 1089/364/187 1090/365/187 1073/381/187
f 1073/381/188 1090/365/188 1091/366/188 1074/382/188
f 1074/382/189 1091/366/189 1092/367/189 1075/383/189
f 1075/383/190 1092/367/190 1093/368/190 1076/384/190
f 1076/384/191 1093/368/191 1094/369/191 1077/385/191
f 1077/385/192 1094/369/192 1095/370/192 1078/386/192
f 1078/386/193 1095/370/193 1096/371/193 1079/387/193
f 1079/387/194 1096/371/194 1097/372/194 1080/388/194
f 1080/388/195 1097/372/195 1098/373/195 1081/389/195
f 1081/389/196 1098/373/196 1099/374/196 1082/390/196
f 1082/390/197 1099/374/197 1100/140/197 1083/138/197
f 34/52/198 143/149/198 1067/375/198 591/391/198
f 591/391/199 1067/375/199 1068/376/199 592/392/199
f 592/392/200 1068/376/200 1069/377/200 593/393/200
f 593/393/201 1069/377/201 1070/378/201 594/394/201
f 594/394/202 1070/378/202 1071/379/202 595/395/202
f 595/395/203 1071/379/203 1072/380/203 596/396/203
f 596/396/204 1072/380/204 1073/381/204 597/397/204
f 597/397/205 1073/381/205 1074/382/205 598/398/205
f 598/398/206 1074/382/206 1075/383/206 599/399/206
f 599/399/207 1075/383/207 1076/384/207 600/400/207
f 600/400/208 1076/384/208 1077/385/208 601/401/208
f 601/401/209 1077/385/209 1078/386/209 602/402/209
f 602/402/210 1078/386/210 1079/387/210 603/403/210
f 603/403/211 1079/387/211 1080/388/211 604/404/211
f 604/404/212 1080/388/212 1081/389/212 605/405/212
f 605/405/213 1081/389/213 1082/390/213 606/406/213
f 606/406/214 1082/390/214 1083/138/214 607/137/214
f 148/134/215 66/41/215 862/115/215 1152/295/215
f 1152/295/216 862/115/216 861/407/216 1153/297/216
f 1153/297/217 861/407/217 860/408/217 1154/299/217
f 1154/299/218 860/408/218 859/409/218 1155/301/218
f 1155/301/219 859/409/219 858/410/219 1156/303/219
f 1156/303/220 858/410/220 857/411/220 1157/305/220
f 1157/305/221 857/411/221 856/412/221 1158/307/221
f 1158/307/222 856/412/222 855/413/222 1159/309/222
f 1159/309/223 855/413/223 854/414/223 1160/311/223
f 1160/311/224 854/414/224 853/415/224 1161/313/224
f 1161/313/225 853/415/225 852/416/225 1162/315/225
f 1162/315/226 852/416/226 851/417/226 1163/317/226
f 1163/317/227 851/417/227 850/418/227 1164/319/227
f 1164/319/228 850/418/228 849/419/228 1165/321/228
f 1165/321/229 849/419/229 848/420/229 1166/323/229
f 1166/323/230 848/420/230 847/421/230 1167/325/230
f 1167/325/231 847/421/231 846/136/231 1168/135/231
f 118/132/1 1270/184/1 675/422/1 57/14/1
f 1270/184/1 1269/186/1 674/423/1 675/422/1
f 1269/186/1 1268/188/1 673/424/1 674/423/1
f 1268/188/1 1267/190/1 672/425/1 673/424/1
f 1267/190/1 1266/192/1 671/426/1 672/425/1
f 1266/192/1 1265/194/1 670/427/1 671/426/1
f 1265/194/1 1264/196/1 669/428/1 670/427/1
f 1264/196/1 1263/198/1 668/429/1 669/428/1
f 1263/198/1 1262/200/1 667/430/1 668/429/1
f 1262/200/1 1261/202/1 666/431/1 667/430/1
f 1261/202/1 1260/204/1 665/432/1 666/431/1
f 1260/204/1 1259/206/1 664/433/1 665/432/1
f 1259/206/1 1258/208/1 663/434/1 664/433/1
f 1258/208/1 1257/210/1 662/435/1 663/434/1
f 1257/210/1 1256/212/1 661/436/1 662/435/1
f 1256/212/1 1255/214/1 660/437/1 661/436/1
f 1255/214/1 1254/127/1 659/101/1 660/437/1
f 90/52/232 89/16/232 1050/438/232 1033/439/232
f 1033/439/233 1050/438/233 1051/440/233 1034/441/233
f 1034/441/234 1051/440/234 1052/442/234 1035/443/234
f 1035/443/235 1052/442/235 1053/444/235 1036/445/235
f 1036/445/236 1053/444/236 1054/446/236 1037/447/236
f 1037/447/237 1054/446/237 1055/448/237 1038/449/237
f 1038/449/238 1055/448/238 1056/450/238 1039/451/238
f 1039/451/239 1056/450/239 1057/452/239 1040/453/239
f 1040/453/240 1057/452/240 1058/454/240 1041/455/240
f 1041/455/241 1058/454/241 1059/456/241 1042/457/241
f 1042/457/242 1059/456/242 1060/458/242 1043/459/242
f 1043/459/243 1060/458/243 1061/460/243 1044/461/243
f 1044/461/244 1061/460/244 1062/462/244 1045/463/244
f 1045/463/245 1062/462/245 1063/464/245 1046/465/245
f 1046/465/246 1063/464/246 1064/466/246 1047/467/246
f 1047/467/247 1064/466/247 1065/468/247 1048/469/247
f 1048/469/248 1065/468/248 1066/103/248 1049/126/248
f 91/51/249 90/52/249 1033/439/249 1016/470/249
f 1016/470/250 1033/439/250 1034/441/250 1017/471/250
f 1017/471/251 1034/441/251 1035/443/251 1018/472/251
f 1018/472/252 1035/443/252 1036/445/252 1019/473/252
f 1019/473/253 1036/445/253 1037/447/253 1020/474/253
f 1020/474/254 1037/447/254 1038/449/254 1021/475/254
f 1021/475/255 1038/449/255 1039/451/255 1022/476/255
f 1022/476/256 1039/451/256 1040/453/256 1023/477/256
f 1023/477/257 1040/453/257 1041/455/257 1024/478/257
f 1024/478/258 1041/455/258 1042/457/258 1025/479/258
f 1025/479/259 1042/457/259 1043/459/259 1026/480/259
f 1026/480/260 1043/459/260 1044/461/260 1027/481/260
f 1027/481/261 1044/461/261 1045/463/261 1028/482/261
f 1028/482/262 1045/463/262 1046/465/262 1029/483/262
f 1029/483/263 1046/465/263 1047/467/263 1030/484/263
f 1030/484/264 1047/467/264 1048/469/264 1031/485/264
f 1031/485/265 1048/469/265 1049/126/265 1032/125/265
f 92/50/266 91/51/266 1016/470/266 999/486/266
f 999/486/267 1016/470/267 1017/471/267 1000/487/267
f 1000/487/268 1017/471/268 1018/472/268 1001/488/268
f 1001/488/269 1018/472/269 1019/473/269 1002/489/269
f 1002/489/270 1019/473/270 1020/474/270 1003/490/270
f 1003/490/271 1020/474/271 1021/475/271 1004/491/271
f 1004/491/272 1021/475/272 1022/476/272 1005/492/272
f 1005/492/273 1022/476/273 1023/477/273 1006/493/273
f 1006/493/274 1023/477/274 1024/478/274 1007/494/274
f 1007/494/275 1024/478/275 1025/479/275 1008/495/275
f 1008/495/276 1025/479/276 1026/480/276 1009/496/276
f 1009/496/277 1026/480/277 1027/481/277 1010/497/277
f 1010/497/278 1027/481/278 1028/482/278 1011/498/278
f 1011/498/279 1028/482/279 1029/483/279 1012/499/279
f 1012/499/280 1029/483/280 1030/484/280 1013/500/280
f 1013/500/281 1030/484/281 1031/485/281 1014/501/281
f 1014/501/282 1031/485/282 1032/125/282 1015/124/282
f 93/49/283 92/50/283 999/486/283 982/502/283
f 982/502/284 999/486/284 1000/487/284 983/503/284
f 983/503/285 1000/487/285 1001/488/285 984/504/285
f 984/504/286 1001/488/286 1002/489/286 985/505/286
f 985/505/287 1002/489/287 1003/490/287 986/506/287
f 986/506/288 1003/490/288 1004/491/288 987/507/288
f 987/507/289 1004/491/289 1005/492/289 988/508/289
f 988/508/290 1005/492/290 1006/493/290 989/509/290
f 989/509/291 1006/493/291 1007/494/291 990/510/291
f 990/510/292 1007/494/292 1008/495/292 991/511/292
f 991/511/293 1008/495/293 1009/496/293 992/512/293
f 992/512/294 1009/496/294 1010/497/294 993/513/294
f 993/513/295 1010/497/295 1011/498/295 994/514/295
f 994/514/296 1011/498/296 1012/499/296 995/515/296
f 995/515/297 1012/499/297 1013/500/297 996/516/297
f 996/516/298 1013/500/298 1014/501/298 997/517/298
f 997/517/299 1014/501/299 1015/124/299 998/123/299
f 94/48/300 93/49/300 982/502/300 965/518/300
f 965/518/301 982/502/301 983/503/301 966/519/301
f 966/519/302 983/503/302 984/504/302 967/520/302
f 967/520/303 984/504/303 985/505/303 968/521/303
f 968/521/304 985/505/304 986/506/304 969/522/304
f 969/522/305 986/506/305 987/507/305 970/523/305
f 970/523/306 987/507/306 988/508/306 971/524/306
f 971/524/307 988/508/307 989/509/307 972/525/307
f 972/525/308 989/509/308 990/510/308 973/526/308
f 973/526/309 990/510/309 991/511/309 974/527/309
f 974/527/310 991/511/310 992/512/310 975/528/310
f 975/528/311 992/512/311 993/513/311 976/529/311
f 976/529/312 993/513/312 994/514/312 977/530/312
f 977/530/313 994/514/313 995/515/313 978/531/313
f 978/531/314 995/515/314 996/516/314 979/532/314
f 979/532/315 996/516/315 997/517/315 980/533/315
f 980/533/316 997/517/316 998/123/316 981/122/316
f 95/47/317 94/48/317 965/518/317 948/534/317
f 948/534/318 965/518/318 966/519/318 949/535/318
f 949/535/319 966/519/319 967/520/319 950/536/319
f 950/536/320 967/520/320 968/521/320 951/537/320
f 951/537/321 968/521/321 969/522/321 952/538/321
f 952/538/322 969/522/322 970/523/322 953/539/322
f 953/539/323 970/523/323 971/524/323 954/540/323
f 954/540/324 971/524/324 972/525/324 955/541/324
f 955/541/325 972/525/325 973/526/325 956/542/325
f 956/542/326 973/526/326 974/527/326 957/543/326
f 957/543/327 974/527/327 975/528/327 958/544/327
f 958/544/328 975/528/328 976/529/328 959/545/328
f 959/545/329 976/529/329 977/530/329 960/546/329
f 960/546/330 977/530/330 978/531/330 961/547/330
f 961/547/331 978/531/331 979/532/331 962/548/331
f 962/548/332 979/532/332 980/533/332 963/549/332
f 963/549/333 980/533/333 981/122/333 964/121/333
f 96/46/334 95/47/334 948/534/334 931/550/334
f 931/550/335 948/534/335 949/535/335 932/551/335
f 932/551/336 949/535/336 950/536/336 933/552/336
f 933/552/337 950/536/337 951/537/337 934/553/337
f 934/553/338 951/537/338 952/538/338 935/554/338
f 935/554/339 952/538/339 953/539/339 936/555/339
f 936/555/340 953/539/340 954/540/340 937/556/340
f 937/556/341 954/540/341 955/541/341 938/557/341
f 938/557/342 955/541/342 956/542/342 939/558/342
f 939/558/343 956/542/343 957/543/343 940/559/343
f 940/559/344 957/543/344 958/544/344 941/560/344
f 941/560/345 958/544/345 959/545/345 942/561/345
f 942/561/346 959/545/346 960/546/346 943/562/346
f 943/562/347 960/546/347 961/547/347 944/563/347
f 944/563/348 961/547/348 962/548/348 945/564/348
f 945/564/349 962/548/349 963/549/349 946/565/349
f 946/565/350 963/549/350 964/121/350 947/120/350
f 97/45/351 96/46/351 931/550/351 914/566/351
f 914/566/352 931/550/352 932/551/352 915/567/352
f 915/567/353 932/551/353 933/552/353 916/568/353
f 916/568/354 933/552/354 934/553/354 917/569/354
f 917/569/355 934/553/355 935/554/355 918/570/355
f 918/570/356 935/554/356 936/555/356 919/571/356
f 919/571/357 936/555/357 937/556/357 920/572/357
f 920/572/358 937/556/358 938/557/358 921/573/358
f 921/573/359 938/557/359 939/558/359 922/574/359
f 922/574/360 939/558/360 940/559/360 923/575/360
f 923/575/361 940/559/361 941/560/361 924/576/361
f 924/576/362 941/560/362 942/561/362 925/577/362
f 925/577/363 942/561/363 943/562/363 926/578/363
f 926/578/364 943/562/364 944/563/364 927/579/364
f 927/579/365 944/563/365 945/564/365 928/580/365
f 928/580/366 945/564/366 946/565/366 929/581/366
f 929/581/367 946/565/367 947/120/367 930/119/367
f 98/44/368 97/45/368 914/566/368 897/582/368
f 897/582/369 914/566/369 915/567/369 898/583/369
f 898/583/370 915/567/370 916/568/370 899/584/370
f 899/584/371 916/568/371 917/569/371 900/585/371
f 900/585/372 917/569/372 918/570/372 901/586/372
f 901/586/373 918/570/373 919/571/373 902/587/373
f 902/587/374 919/571/374 920/572/374 903/588/374
f 903/588/375 920/572/375 921/573/375 904/589/375
f 904/589/376 921/573/376 922/574/376 905/590/376
f 905/590/377 922/574/377 923/575/377 906/591/377
f 906/591/378 923/575/378 924/576/378 907/592/378
f 907/592/379 924/576/379 925/577/379 908/593/379
f 908/593/380 925/577/380 926/578/380 909/594/380
f 909/594/381 926/578/381 927/579/381 910/595/381
f 910/595/382 927/579/382 928/580/382 911/596/382
f 911/596/383 928/580/383 929/581/383 912/597/383
f 912/597/384 929/581/384 930/119/384 913/118/384
f 99/43/385 98/44/385 897/582/385 880/598/385
f 880/598/386 897/582/386 898/583/386 881/599/386
f 881/599/387 898/583/387 899/584/387 882/600/387
f 882/600/388 899/584/388 900/585/388 883/601/388
f 883/601/389 900/585/389 901/586/389 884/602/389
f 884/602/390 901/586/390 902/587/390 885/603/390
f 885/603/391 902/587/391 903/588/391 886/604/391
f 886/604/392 903/588/392 904/589/392 887/605/392
f 887/605/393 904/589/393 905/590/393 888/606/393
f 888/606/394 905/590/394 906/591/394 889/607/394
f 889/607/395 906/591/395 907/592/395 890/608/395
f 890/608/396 907/592/396 908/593/396 891/609/396
f 891/609/397 908/593/397 909/594/397 892/610/397
f 892/610/398 909/594/398 910/595/398 893/611/398
f 893/611/399 910/595/399 911/596/399 894/612/399
f 894/612/400 911/596/400 912/597/400 895/613/400
f 895/613/401 912/597/401 913/118/401 896/117/401
f 100/42/402 99/43/402 880/598/402 863/614/402
f 863/614/403 880/598/403 881/599/403 864/615/403
f 864/615/404 881/599/404 882/600/404 865/616/404
f 865/616/405 882/600/405 883/601/405 866/617/405
f 866/617/406 883/601/406 884/602/406 867/618/406
f 867/618/407 884/602/407 885/603/407 868/619/407
f 868/619/408 885/603/408 886/604/408 869/620/408
f 869/620/409 886/604/409 887/605/409 870/621/409
f 870/621/410 887/605/410 888/606/410 871/622/410
f 871/622/411 888/606/411 889/607/411 872/623/411
f 872/623/412 889/607/412 890/608/412 873/624/412
f 873/624/413 890/608/413 891/609/413 874/625/413
f 874/625/414 891/609/414 892/610/414 875/626/414
f 875/626/415 892/610/415 893/611/415 876/627/415
f 876/627/416 893/611/416 894/612/416 877/628/416
f 877/628/417 894/612/417 895/613/417 878/629/417
f 878/629/418 895/613/418 896/117/418 879/116/418
f 60/11/419 100/42/419 863/614/419 658/630/419
f 658/630/420 863/614/420 864/615/420 657/631/420
f 657/631/421 864/615/421 865/616/421 656/632/421
f 656/632/422 865/616/422 866/617/422 655/633/422
f 655/633/423 866/617/423 867/618/423 654/634/423
f 654/634/424 867/618/424 868/619/424 653/635/424
f 653/635/425 868/619/425 869/620/425 652/636/425
f 652/636/426 869/620/426 870/621/426 651/637/426
f 651/637/427 870/621/427 871/622/427 650/638/427
f 650/638/428 871/622/428 872/623/428 649/639/428
f 649/639/429 872/623/429 873/624/429 648/640/429
f 648/640/430 873/624/430 874/625/430 647/641/430
f 647/641/431 874/625/431 875/626/431 646/642/431
f 646/642/432 875/626/432 876/627/432 645/643/432
f 645/643/433 876/627/433 877/628/433 644/644/433
f 644/644/434 877/628/434 878/629/434 643/645/434
f 643/645/435 878/629/435 879/116/435 642/77/435
f 103/74/436 102/76/436 846/136/436 829/646/436
f 829/646/437 846/136/437 847/421/437 830/647/437
f 830/647/438 847/421/438 848/420/438 831/648/438
f 831/648/439 848/420/439 849/419/439 832/649/439
f 832/649/440 849/419/440 850/418/440 833/650/440
f 833/650/441 850/418/441 851/417/441 834/651/441
f 834/651/442 851/417/442 852/416/442 835/652/442
f 835/652/443 852/416/443 853/415/443 836/653/443
f 836/653/444 853/415/444 854/414/444 837/654/444
f 837/654/445 854/414/445 855/413/445 838/655/445
f 838/655/446 855/413/446 856/412/446 839/656/446
f 839/656/447 856/412/447 857/411/447 840/657/447
f 840/657/448 857/411/448 858/410/448 841/658/448
f 841/658/449 858/410/449 859/409/449 842/659/449
f 842/659/450 859/409/450 860/408/450 843/660/450
f 843/660/451 860/408/451 861/407/451 844/661/451
f 844/661/452 861/407/452 862/115/452 845/114/452
f 104/72/453 103/74/453 829/646/453 812/662/453
f 812/662/454 829/646/454 830/647/454 813/663/454
f 813/663/455 830/647/455 831/648/455 814/664/455
f 814/664/456 831/648/456 832/649/456 815/665/456
f 815/665/457 832/649/457 833/650/457 816/666/457
f 816/666/458 833/650/458 834/651/458 817/667/458
f 817/667/459 834/651/459 835/652/459 818/668/459
f 818/668/460 835/652/460 836/653/460 819/669/460
f 819/669/461 836/653/461 837/654/461 820/670/461
f 820/670/462 837/654/462 838/655/462 821/671/462
f 821/671/463 838/655/463 839/656/463 822/672/463
f 822/672/464 839/656/464 840/657/464 823/673/464
f 823/673/465 840/657/465 841/658/465 824/674/465
f 824/674/466 841/658/466 842/659/466 825/675/466
f 825/675/467 842/659/467 843/660/467 826/676/467
f 826/676/468 843/660/468 844/661/468 827/677/468
f 827/677/469 844/661/469 845/114/469 828/113/469
f 105/70/470 104/72/470 812/662/470 795/678/470
f 795/678/471 812/662/471 813/663/471 796/679/471
f 796/679/472 813/663/472 814/664/472 797/680/472
f 797/680/473 814/664/473 815/665/473 798/681/473
f 798/681/474 815/665/474 816/666/474 799/682/474
f 799/682/475 816/666/475 817/667/475 800/683/475
f 800/683/476 817/667/476 818/668/476 801/684/476
f 801/684/477 818/668/477 819/669/477 802/685/477
f 802/685/478 819/669/478 820/670/478 803/686/478
f 803/686/479 820/670/479 821/671/479 804/687/479
f 804/687/480 821/671/480 822/672/480 805/688/480
f 805/688/481 822/672/481 823/673/481 806/689/481
f 806/689/482 823/673/482 824/674/482 807/690/482
f 807/690/483 824/674/483 825/675/483 808/691/483
f 808/691/484 825/675/484 826/676/484 809/692/484
f 809/692/485 826/676/485 827/677/485 810/693/485
f 810/693/486 827/677/486 828/113/486 811/112/486
f 106/68/487 105/70/487 795/678/487 778/694/487
f 778/694/488 795/678/488 796/679/488 779/695/488
f 779/695/489 796/679/489 797/680/489 780/696/489
f 780/696/490 797/680/490 798/681/490 781/697/490
f 781/697/491 798/681/491 799/682/491 782/698/491
f 782/698/492 799/682/492 800/683/492 783/699/492
f 783/699/493 800/683/493 801/684/493 784/700/493
f 784/700/494 801/684/494 802/685/494 785/701/494
f 785/701/495 802/685/495 803/686/495 786/702/495
f 786/702/496 803/686/496 804/687/496 787/703/496
f 787/703/497 804/687/497 805/688/497 788/704/497
f 788/704/498 805/688/498 806/689/498 789/705/498
f 789/705/499 806/689/499 807/690/499 790/706/499
f 790/706/500 807/690/500 808/691/500 791/707/500
f 791/707/501 808/691/501 809/692/501 792/708/501
f 792/708/502 809/692/502 810/693/502 793/709/502
f 793/709/503 810/693/503 811/112/503 794/32/503
f 107/66/504 106/68/504 778/694/504 761/710/504
f 761/710/505 778/694/505 779/695/505 762/711/505
f 762/711/506 779/695/506 780/696/506 763/712/506
f 763/712/507 780/696/507 781/697/507 764/713/507
f 764/713/508 781/697/508 782/698/508 765/714/508
f 765/714/509 782/698/509 783/699/509 766/715/509
f 766/715/510 783/699/510 784/700/510 767/716/510
f 767/716/511 784/700/511 785/701/511 768/717/511
f 768/717/512 785/701/512 786/702/512 769/718/512
f 769/718/513 786/702/513 787/703/513 770/719/513
f 770/719/514 787/703/514 788/704/514 771/720/514
f 771/720/515 788/704/515 789/705/515 772/721/515
f 772/721/516 789/705/516 790/706/516 773/722/516
f 773/722/517 790/706/517 791/707/517 774/723/517
f 774/723/518 791/707/518 792/708/518 775/724/518
f 775/724/519 792/708/519 793/709/519 776/725/519
f 776/725/520 793/709/520 794/32/520 777/111/520
f 108/64/521 107/66/521 761/710/521 744/726/521
f 744/726/522 761/710/522 762/711/522 745/727/522
f 745/727/523 762/711/523 763/712/523 746/728/523
f 746/728/524 763/712/524 764/713/524 747/729/524
f 747/729/525 764/713/525 765/714/525 748/730/525
f 748/730/526 765/714/526 766/715/526 749/731/526
f 749/731/527 766/715/527 767/716/527 750/732/527
f 750/732/528 767/716/528 768/717/528 751/733/528
f 751/733/529 768/717/529 769/718/529 752/734/529
f 752/734/530 769/718/530 770/719/530 753/735/530
f 753/735/531 770/719/531 771/720/531 754/736/531
f 754/736/532 771/720/532 772/721/532 755/737/532
f 755/737/533 772/721/533 773/722/533 756/738/533
f 756/738/534 773/722/534 774/723/534 757/739/534
f 757/739/535 774/723/535 775/724/535 758/740/535
f 758/740/536 775/724/536 776/725/536 759/741/536
f 759/741/537 776/725/537 777/111/537 760/28/537
f 109/62/538 108/64/538 744/726/538 727/742/538
f 727/742/539 744/726/539 745/727/539 728/743/539
f 728/743/540 745/727/540 746/728/540 729/744/540
f 729/744/541 746/728/541 747/729/541 730/745/541
f 730/745/542 747/729/542 748/730/542 731/746/542
f 731/746/543 748/730/543 749/731/543 732/747/543
f 732/747/544 749/731/544 750/732/544 733/748/544
f 733/748/545 750/732/545 751/733/545 734/749/545
f 734/749/546 751/733/546 752/734/546 735/750/546
f 735/750/547 752/734/547 753/735/547 736/751/547
f 736/751/548 753/735/548 754/736/548 737/752/548
f 737/752/549 754/736/549 755/737/549 738/753/549
f 738/753/550 755/737/550 756/738/550 739/754/550
f 739/754/551 756/738/551 757/739/551 740/755/551
f 740/755/552 757/739/552 758/740/552 741/756/552
f 741/756/553 758/740/553 759/741/553 742/757/553
f 742/757/554 759/741/554 760/28/554 743/110/554
f 110/60/555 109/62/555 727/742/555 710/758/555
f 710/758/556 727/742/556 728/743/556 711/759/556
f 711/759/557 728/743/557 729/744/557 712/760/557
f 712/760/558 729/744/558 730/745/558 713/761/558
f 713/761/559 730/745/559 731/746/559 714/762/559
f 714/762/560 731/746/560 732/747/560 715/763/560
f 715/763/561 732/747/561 733/748/561 716/764/561
f 716/764/562 733/748/562 734/749/562 717/765/562
f 717/765/563 734/749/563 735/750/563 718/766/563
f 718/766/564 735/750/564 736/751/564 719/767/564
f 719/767/565 736/751/565 737/752/565 720/768/565
f 720/768/566 737/752/566 738/753/566 721/769/566
f 721/769/567 738/753/567 739/754/567 722/770/567
f 722/770/568 739/754/568 740/755/568 723/771/568
f 723/771/569 740/755/569 741/756/569 724/772/569
f 724/772/570 741/756/570 742/757/570 725/773/570
f 725/773/571 742/757/571 743/110/571 726/109/571
f 111/58/572 110/60/572 710/758/572 693/774/572
f 693/774/573 710/758/573 711/759/573 694/775/573
f 694/775/574 711/759/574 712/760/574 695/776/574
f 695/776/575 712/760/575 713/761/575 696/777/575
f 696/777/576 713/761/576 714/762/576 697/778/576
f 697/778/577 714/762/577 715/763/577 698/779/577
f 698/779/578 715/763/578 716/764/578 699/780/578
f 699/780/579 716/764/579 717/765/579 700/781/579
f 700/781/580 717/765/580 718/766/580 701/782/580
f 701/782/581 718/766/581 719/767/581 702/783/581
f 702/783/582 719/767/582 720/768/582 703/784/582
f 703/784/583 720/768/583 721/769/583 704/785/583
f 704/785/584 721/769/584 722/770/584 705/786/584
f 705/786/585 722/770/585 723/771/585 706/787/585
f 706/787/586 723/771/586 724/772/586 707/788/586
f 707/788/587 724/772/587 725/773/587 708/789/587
f 708/789/588 725/773/588 726/109/588 709/108/588
f 112/55/589 111/58/589 693/774/589 676/790/589
f 676/790/590 693/774/590 694/775/590 677/791/590
f 677/791/591 694/775/591 695/776/591 678/792/591
f 678/792/592 695/776/592 696/777/592 679/793/592
f 679/793/593 696/777/593 697/778/593 680/794/593
f 680/794/594 697/778/594 698/779/594 681/795/594
f 681/795/595 698/779/595 699/780/595 682/796/595
f 682/796/596 699/780/596 700/781/596 683/797/596
f 683/797/597 700/781/597 701/782/597 684/798/597
f 684/798/598 701/782/598 702/783/598 685/799/598
f 685/799/599 702/783/599 703/784/599 686/800/599
f 686/800/600 703/784/600 704/785/600 687/801/600
f 687/801/601 704/785/601 705/786/601 688/802/601
f 688/802/602 705/786/602 706/787/602 689/803/602
f 689/803/603 706/787/603 707/788/603 690/804/603
f 690/804/604 707/788/604 708/789/604 691/805/604
f 691/805/605 708/789/605 709/108/605 692/107/605
f 62/56/606 112/55/606 676/790/606 624/806/606
f 624/806/607 676/790/607 677/791/607 623/807/607
f 623/807/608 677/791/608 678/792/608 622/808/608
f 622/808/609 678/792/609 679/793/609 621/809/609
f 621/809/610 679/793/610 680/794/610 620/810/610
f 620/810/611 680/794/611 681/795/611 619/811/611
f 619/811/612 681/795/612 682/796/612 618/812/612
f 618/812/613 682/796/613 683/797/613 617/813/613
f 617/813/614 683/797/614 684/798/614 616/814/614
f 616/814/615 684/798/615 685/799/615 615/815/615
f 615/815/616 685/799/616 686/800/616 614/816/616
f 614/816/617 686/800/617 687/801/617 613/817/617
f 613/817/618 687/801/618 688/802/618 612/818/618
f 612/818/619 688/802/619 689/803/619 611/819/619
f 611/819/620 689/803/620 690/804/620 610/820/620
f 610/820/621 690/804/621 691/805/621 609/821/621
f 609/821/622 691/805/622 692/107/622 608/19/622
f 62/822/3 624/823/3 642/824/3 64/825/3
f 624/823/3 623/826/3 643/827/3 642/824/3
f 623/826/3 622/828/3 644/829/3 643/827/3
f 622/828/3 621/830/3 645/831/3 644/829/3
f 621/830/3 620/832/3 646/833/3 645/831/3
f 620/832/3 619/834/3 647/835/3 646/833/3
f 619/834/3 618/836/3 648/837/3 647/835/3
f 618/836/3 617/838/3 649/839/3 648/837/3
f 617/838/3 616/840/3 650/841/3 649/839/3
f 616/840/3 615/842/3 651/843/3 650/841/3
f 615/842/3 614/844/3 652/845/3 651/843/3
f 614/844/3 613/846/3 653/847/3 652/845/3
f 613/846/3 612/848/3 654/849/3 653/847/3
f 612/848/3 611/850/3 655/851/3 654/849/3
f 611/850/3 610/852/3 656/853/3 655/851/3
f 610/852/3 609/854/3 657/855/3 656/853/3
f 609/854/3 608/9/3 658/12/3 657/855/3
f 89/16/623 59/15/623 625/856/623 1050/438/623
f 1050/438/624 625/856/624 626/857/624 1051/440/624
f 1051/440/625 626/857/625 627/858/625 1052/442/625
f 1052/442/626 627/858/626 628/859/626 1053/444/626
f 1053/444/627 628/859/627 629/860/627 1054/446/627
f 1054/446/628 629/860/628 630/861/628 1055/448/628
f 1055/448/629 630/861/629 631/862/629 1056/450/629
f 1056/450/630 631/862/630 632/863/630 1057/452/630
f 1057/452/631 632/863/631 633/864/631 1058/454/631
f 1058/454/632 633/864/632 634/865/632 1059/456/632
f 1059/456/633 634/865/633 635/866/633 1060/458/633
f 1060/458/634 635/866/634 636/867/634 1061/460/634
f 1061/460/635 636/867/635 637/868/635 1062/462/635
f 1062/462/636 637/868/636 638/869/636 1063/464/636
f 1063/464/637 638/869/637 639/870/637 1064/466/637
f 1064/466/638 639/870/638 640/871/638 1065/468/638
f 1065/468/639 640/871/639 641/104/639 1066/103/639
f 57/14/1 675/422/1 625/872/1 59/15/1
f 675/422/1 674/423/1 626/280/1 625/872/1
f 674/423/1 673/424/1 627/873/1 626/280/1
f 673/424/1 672/425/1 628/282/1 627/873/1
f 672/425/1 671/426/1 629/283/1 628/282/1
f 671/426/1 670/427/1 630/874/1 629/283/1
f 670/427/1 669/428/1 631/875/1 630/874/1
f 669/428/1 668/429/1 632/286/1 631/875/1
f 668/429/1 667/430/1 633/876/1 632/286/1
f 667/430/1 666/431/1 634/877/1 633/876/1
f 666/431/1 665/432/1 635/878/1 634/877/1
f 665/432/1 664/433/1 636/879/1 635/878/1
f 664/433/1 663/434/1 637/880/1 636/879/1
f 663/434/1 662/435/1 638/292/1 637/880/1
f 662/435/1 661/436/1 639/293/1 638/292/1
f 661/436/1 660/437/1 640/294/1 639/293/1
f 660/437/1 659/101/1 641/102/1 640/294/1
f 35/51/640 34/52/640 591/881/640 574/882/640
f 574/882/641 591/881/641 592/883/641 575/471/641
f 575/471/642 592/883/642 593/884/642 576/885/642
f 576/885/643 593/884/643 594/886/643 577/887/643
f 577/887/644 594/886/644 595/888/644 578/474/644
f 578/474/645 595/888/645 596/889/645 579/890/645
f 579/890/646 596/889/646 597/891/646 580/892/646
f 580/892/647 597/891/647 598/893/647 581/894/647
f 581/894/648 598/893/648 599/895/648 582/896/648
f 582/896/649 599/895/649 600/457/649 583/897/649
f 583/897/650 600/457/650 601/459/650 584/898/650
f 584/898/651 601/459/651 602/461/651 585/899/651
f 585/899/652 602/461/652 603/900/652 586/901/652
f 586/901/653 603/900/653 604/902/653 587/903/653
f 587/903/654 604/902/654 605/904/654 588/905/654
f 588/905/655 605/904/655 606/906/655 589/907/655
f 589/907/656 606/906/656 607/99/656 590/97/656
f 36/50/657 35/51/657 574/882/657 557/486/657
f 557/486/658 574/882/658 575/471/658 558/908/658
f 558/908/659 575/471/659 576/885/659 559/909/659
f 559/909/660 576/885/660 577/887/660 560/489/660
f 560/489/661 577/887/661 578/474/661 561/910/661
f 561/910/662 578/474/662 579/890/662 562/911/662
f 562/911/663 579/890/663 580/892/663 563/492/663
f 563/492/664 580/892/664 581/894/664 564/493/664
f 564/493/665 581/894/665 582/896/665 565/912/665
f 565/912/666 582/896/666 583/897/666 566/913/666
f 566/913/667 583/897/667 584/898/667 567/914/667
f 567/914/668 584/898/668 585/899/668 568/915/668
f 568/915/669 585/899/669 586/901/669 569/916/669
f 569/916/670 586/901/670 587/903/670 570/917/670
f 570/917/671 587/903/671 588/905/671 571/918/671
f 571/918/672 588/905/672 589/907/672 572/501/672
f 572/501/673 589/907/673 590/97/673 573/95/673
f 37/49/674 36/50/674 557/486/674 540/919/674
f 540/919/675 557/486/675 558/908/675 541/503/675
f 541/503/676 558/908/676 559/909/676 542/920/676
f 542/920/677 559/909/677 560/489/677 543/921/677
f 543/921/678 560/489/678 561/910/678 544/922/678
f 544/922/679 561/910/679 562/911/679 545/923/679
f 545/923/680 562/911/680 563/492/680 546/508/680
f 546/508/681 563/492/681 564/493/681 547/924/681
f 547/924/682 564/493/682 565/912/682 548/925/682
f 548/925/683 565/912/683 566/913/683 549/926/683
f 549/926/684 566/913/684 567/914/684 550/927/684
f 550/927/685 567/914/685 568/915/685 551/513/685
f 551/513/686 568/915/686 569/916/686 552/514/686
f 552/514/687 569/916/687 570/917/687 553/928/687
f 553/928/688 570/917/688 571/918/688 554/516/688
f 554/516/689 571/918/689 572/501/689 555/929/689
f 555/929/690 572/501/690 573/95/690 556/93/690
f 38/48/691 37/49/691 540/919/691 523/518/691
f 523/518/692 540/919/692 541/503/692 524/930/692
f 524/930/693 541/503/693 542/920/693 525/931/693
f 525/931/694 542/920/694 543/921/694 526/932/694
f 526/932/695 543/921/695 544/922/695 527/933/695
f 527/933/696 544/922/696 545/923/696 528/934/696
f 528/934/697 545/923/697 546/508/697 529/935/697
f 529/935/698 546/508/698 547/924/698 530/936/698
f 530/936/699 547/924/699 548/925/699 531/937/699
f 531/937/700 548/925/700 549/926/700 532/938/700
f 532/938/701 549/926/701 550/927/701 533/528/701
f 533/528/702 550/927/702 551/513/702 534/529/702
f 534/529/703 551/513/703 552/514/703 535/939/703
f 535/939/704 552/514/704 553/928/704 536/940/704
f 536/940/705 553/928/705 554/516/705 537/941/705
f 537/941/706 554/516/706 555/929/706 538/942/706
f 538/942/707 555/929/707 556/93/707 539/91/707
f 39/47/708 38/48/708 523/518/708 506/534/708
f 506/534/709 523/518/709 524/930/709 507/535/709
f 507/535/710 524/930/710 525/931/710 508/536/710
f 508/536/711 525/931/711 526/932/711 509/537/711
f 509/537/712 526/932/712 527/933/712 510/538/712
f 510/538/713 527/933/713 528/934/713 511/539/713
f 511/539/714 528/934/714 529/935/714 512/943/714
f 512/943/715 529/935/715 530/936/715 513/944/715
f 513/944/716 530/936/716 531/937/716 514/542/716
f 514/542/717 531/937/717 532/938/717 515/543/717
f 515/543/718 532/938/718 533/528/718 516/945/718
f 516/945/719 533/528/719 534/529/719 517/545/719
f 517/545/720 534/529/720 535/939/720 518/546/720
f 518/546/721 535/939/721 536/940/721 519/547/721
f 519/547/722 536/940/722 537/941/722 520/946/722
f 520/946/723 537/941/723 538/942/723 521/947/723
f 521/947/724 538/942/724 539/91/724 522/89/724
f 40/46/725 39/47/725 506/534/725 489/550/725
f 489/550/726 506/534/726 507/535/726 490/948/726
f 490/948/727 507/535/727 508/536/727 491/949/727
f 491/949/728 508/536/728 509/537/728 492/950/728
f 492/950/729 509/537/729 510/538/729 493/951/729
f 493/951/730 510/538/730 511/539/730 494/952/730
f 494/952/731 511/539/731 512/943/731 495/953/731
f 495/953/732 512/943/732 513/944/732 496/954/732
f 496/954/733 513/944/733 514/542/733 497/955/733
f 497/955/734 514/542/734 515/543/734 498/559/734
f 498/559/735 515/543/735 516/945/735 499/956/735
f 499/956/736 516/945/736 517/545/736 500/957/736
f 500/957/737 517/545/737 518/546/737 501/958/737
f 501/958/738 518/546/738 519/547/738 502/959/738
f 502/959/739 519/547/739 520/946/739 503/960/739
f 503/960/740 520/946/740 521/947/740 504/961/740
f 504/961/741 521/947/741 522/89/741 505/87/741
f 41/45/742 40/46/742 489/550/742 472/962/742
f 472/962/743 489/550/743 490/948/743 473/963/743
f 473/963/744 490/948/744 491/949/744 474/964/744
f 474/964/745 491/949/745 492/950/745 475/965/745
f 475/965/746 492/950/746 493/951/746 476/966/746
f 476/966/747 493/951/747 494/952/747 477/967/747
f 477/967/748 494/952/748 495/953/748 478/968/748
f 478/968/749 495/953/749 496/954/749 479/969/749
f 479/969/750 496/954/750 497/955/750 480/970/750
f 480/970/751 497/955/751 498/559/751 481/971/751
f 481/971/752 498/559/752 499/956/752 482/972/752
f 482/972/753 499/956/753 500/957/753 483/973/753
f 483/973/754 500/957/754 501/958/754 484/974/754
f 484/974/755 501/958/755 502/959/755 485/975/755
f 485/975/756 502/959/756 503/960/756 486/580/756
f 486/580/757 503/960/757 504/961/757 487/976/757
f 487/976/758 504/961/758 505/87/758 488/85/758
f 42/44/759 41/45/759 472/962/759 455/977/759
f 455/977/760 472/962/760 473/963/760 456/978/760
f 456/978/761 473/963/761 474/964/761 457/979/761
f 457/979/762 474/964/762 475/965/762 458/980/762
f 458/980/763 475/965/763 476/966/763 459/981/763
f 459/981/764 476/966/764 477/967/764 460/982/764
f 460/982/765 477/967/765 478/968/765 461/983/765
f 461/983/766 478/968/766 479/969/766 462/984/766
f 462/984/767 479/969/767 480/970/767 463/985/767
f 463/985/768 480/970/768 481/971/768 464/986/768
f 464/986/769 481/971/769 482/972/769 465/987/769
f 465/987/770 482/972/770 483/973/770 466/988/770
f 466/988/771 483/973/771 484/974/771 467/989/771
f 467/989/772 484/974/772 485/975/772 468/990/772
f 468/990/773 485/975/773 486/580/773 469/991/773
f 469/991/774 486/580/774 487/976/774 470/992/774
f 470/992/775 487/976/775 488/85/775 471/83/775
f 43/43/776 42/44/776 455/977/776 438/598/776
f 438/598/777 455/977/777 456/978/777 439/993/777
f 439/993/778 456/978/778 457/979/778 440/994/778
f 440/994/779 457/979/779 458/980/779 441/995/779
f 441/995/780 458/980/780 459/981/780 442/996/780
f 442/996/781 459/981/781 460/982/781 443/997/781
f 443/997/782 460/982/782 461/983/782 444/998/782
f 444/998/783 461/983/783 462/984/783 445/605/783
f 445/605/784 462/984/784 463/985/784 446/606/784
f 446/606/785 463/985/785 464/986/785 447/999/785
f 447/999/786 464/986/786 465/987/786 448/1000/786
f 448/1000/787 465/987/787 466/988/787 449/1001/787
f 449/1001/788 466/988/788 467/989/788 450/1002/788
f 450/1002/789 467/989/789 468/990/789 451/1003/789
f 451/1003/790 468/990/790 469/991/790 452/1004/790
f 452/1004/791 469/991/791 470/992/791 453/613/791
f 453/613/792 470/992/792 471/83/792 454/81/792
f 44/42/793 43/43/793 438/598/793 421/614/793
f 421/614/794 438/598/794 439/993/794 422/615/794
f 422/615/795 439/993/795 440/994/795 423/616/795
f 423/616/796 440/994/796 441/995/796 424/617/796
f 424/617/797 441/995/797 442/996/797 425/1005/797
f 425/1005/798 442/996/798 443/997/798 426/1006/798
f 426/1006/799 443/997/799 444/998/799 427/620/799
f 427/620/800 444/998/800 445/605/800 428/1007/800
f 428/1007/801 445/605/801 446/606/801 429/1008/801
f 429/1008/802 446/606/802 447/999/802 430/1009/802
f 430/1009/803 447/999/803 448/1000/803 431/1010/803
f 431/1010/804 448/1000/804 449/1001/804 432/1011/804
f 432/1011/805 449/1001/805 450/1002/805 433/1012/805
f 433/1012/806 450/1002/806 451/1003/806 434/1013/806
f 434/1013/807 451/1003/807 452/1004/807 435/1014/807
f 435/1014/808 452/1004/808 453/613/808 436/629/808
f 436/629/809 453/613/809 454/81/809 437/78/809
f 4/11/810 44/42/810 421/614/810 199/630/810
f 199/630/811 421/614/811 422/615/811 198/1015/811
f 198/1015/812 422/615/812 423/616/812 197/1016/812
f 197/1016/813 423/616/813 424/617/813 196/1017/813
f 196/1017/814 424/617/814 425/1005/814 195/634/814
f 195/634/815 425/1005/815 426/1006/815 194/635/815
f 194/635/816 426/1006/816 427/620/816 193/636/816
f 193/636/817 427/620/817 428/1007/817 192/637/817
f 192/637/818 428/1007/818 429/1008/818 191/638/818
f 191/638/819 429/1008/819 430/1009/819 190/1018/819
f 190/1018/820 430/1009/820 431/1010/820 189/1019/820
f 189/1019/821 431/1010/821 432/1011/821 188/641/821
f 188/641/822 432/1011/822 433/1012/822 187/642/822
f 187/642/823 433/1012/823 434/1013/823 186/643/823
f 186/643/824 434/1013/824 435/1014/824 185/644/824
f 185/644/825 435/1014/825 436/629/825 184/1020/825
f 184/1020/826 436/629/826 437/78/826 183/77/826
f 46/76/827 45/8/827 404/1021/827 387/1022/827
f 387/1022/828 404/1021/828 405/1023/828 388/421/828
f 388/421/829 405/1023/829 406/1024/829 389/1025/829
f 389/1025/830 406/1024/830 407/1026/830 390/1027/830
f 390/1027/831 407/1026/831 408/1028/831 391/418/831
f 391/418/832 408/1028/832 409/1029/832 392/417/832
f 392/417/833 409/1029/833 410/1030/833 393/1031/833
f 393/1031/834 410/1030/834 411/1032/834 394/1033/834
f 394/1033/835 411/1032/835 412/1034/835 395/335/835
f 395/335/836 412/1034/836 413/1035/836 396/413/836
f 396/413/837 413/1035/837 414/1036/837 397/1037/837
f 397/1037/838 414/1036/838 415/1038/838 398/1039/838
f 398/1039/839 415/1038/839 416/1040/839 399/1041/839
f 399/1041/840 416/1040/840 417/1042/840 400/1043/840
f 400/1043/841 417/1042/841 418/1044/841 401/1045/841
f 401/1045/842 418/1044/842 419/1046/842 402/1047/842
f 402/1047/843 419/1046/843 420/17/843 403/40/843
f 47/74/844 46/76/844 387/1022/844 370/1048/844
f 370/1048/845 387/1022/845 388/421/845 371/647/845
f 371/647/846 388/421/846 389/1025/846 372/1049/846
f 372/1049/847 389/1025/847 390/1027/847 373/649/847
f 373/649/848 390/1027/848 391/418/848 374/1050/848
f 374/1050/849 391/418/849 392/417/849 375/1051/849
f 375/1051/850 392/417/850 393/1031/850 376/652/850
f 376/652/851 393/1031/851 394/1033/851 377/653/851
f 377/653/852 394/1033/852 395/335/852 378/654/852
f 378/654/853 395/335/853 396/413/853 379/1052/853
f 379/1052/854 396/413/854 397/1037/854 380/1053/854
f 380/1053/855 397/1037/855 398/1039/855 381/1054/855
f 381/1054/856 398/1039/856 399/1041/856 382/1055/856
f 382/1055/857 399/1041/857 400/1043/857 383/1056/857
f 383/1056/858 400/1043/858 401/1045/858 384/660/858
f 384/660/859 401/1045/859 402/1047/859 385/1057/859
f 385/1057/860 402/1047/860 403/40/860 386/38/860
f 48/72/861 47/74/861 370/1048/861 353/1058/861
f 353/1058/862 370/1048/862 371/647/862 354/1059/862
f 354/1059/863 371/647/863 372/1049/863 355/1060/863
f 355/1060/864 372/1049/864 373/649/864 356/1061/864
f 356/1061/865 373/649/865 374/1050/865 357/1062/865
f 357/1062/866 374/1050/866 375/1051/866 358/1063/866
f 358/1063/867 375/1051/867 376/652/867 359/1064/867
f 359/1064/868 376/652/868 377/653/868 360/1065/868
f 360/1065/869 377/653/869 378/654/869 361/670/869
f 361/670/870 378/654/870 379/1052/870 362/1066/870
f 362/1066/871 379/1052/871 380/1053/871 363/1067/871
f 363/1067/872 380/1053/872 381/1054/872 364/1068/872
f 364/1068/873 381/1054/873 382/1055/873 365/1069/873
f 365/1069/874 382/1055/874 383/1056/874 366/1070/874
f 366/1070/875 383/1056/875 384/660/875 367/1071/875
f 367/1071/876 384/660/876 385/1057/876 368/1072/876
f 368/1072/877 385/1057/877 386/38/877 369/36/877
f 49/70/878 48/72/878 353/1058/878 336/678/878
f 336/678/879 353/1058/879 354/1059/879 337/1073/879
f 337/1073/880 354/1059/880 355/1060/880 338/680/880
f 338/680/881 355/1060/881 356/1061/881 339/1074/881
f 339/1074/882 356/1061/882 357/1062/882 340/1075/882
f 340/1075/883 357/1062/883 358/1063/883 341/1076/883
f 341/1076/884 358/1063/884 359/1064/884 342/684/884
f 342/684/885 359/1064/885 360/1065/885 343/1077/885
f 343/1077/886 360/1065/886 361/670/886 344/1078/886
f 344/1078/887 361/670/887 362/1066/887 345/687/887
f 345/687/888 362/1066/888 363/1067/888 346/1079/888
f 346/1079/889 363/1067/889 364/1068/889 347/1080/889
f 347/1080/890 364/1068/890 365/1069/890 348/1081/890
f 348/1081/891 365/1069/891 366/1070/891 349/1082/891
f 349/1082/892 366/1070/892 367/1071/892 350/1083/892
f 350/1083/893 367/1071/893 368/1072/893 351/1084/893
f 351/1084/894 368/1072/894 369/36/894 352/34/894
f 50/68/895 49/70/895 336/678/895 319/1085/895
f 319/1085/896 336/678/896 337/1073/896 320/1086/896
f 320/1086/897 337/1073/897 338/680/897 321/696/897
f 321/696/898 338/680/898 339/1074/898 322/1087/898
f 322/1087/899 339/1074/899 340/1075/899 323/698/899
f 323/698/900 340/1075/900 341/1076/900 324/1088/900
f 324/1088/901 341/1076/901 342/684/901 325/1089/901
f 325/1089/902 342/684/902 343/1077/902 326/1090/902
f 326/1090/903 343/1077/903 344/1078/903 327/702/903
f 327/702/904 344/1078/904 345/687/904 328/1091/904
f 328/1091/905 345/687/905 346/1079/905 329/704/905
f 329/704/906 346/1079/906 347/1080/906 330/1092/906
f 330/1092/907 347/1080/907 348/1081/907 331/1093/907
f 331/1093/908 348/1081/908 349/1082/908 332/707/908
f 332/707/909 349/1082/909 350/1083/909 333/1094/909
f 333/1094/910 350/1083/910 351/1084/910 334/1095/910
f 334/1095/911 351/1084/911 352/34/911 335/32/911
f 51/66/912 50/68/912 319/1085/912 302/710/912
f 302/710/913 319/1085/913 320/1086/913 303/711/913
f 303/711/914 320/1086/914 321/696/914 304/712/914
f 304/712/915 321/696/915 322/1087/915 305/713/915
f 305/713/916 322/1087/916 323/698/916 306/714/916
f 306/714/917 323/698/917 324/1088/917 307/1096/917
f 307/1096/918 324/1088/918 325/1089/918 308/716/918
f 308/716/919 325/1089/919 326/1090/919 309/1097/919
f 309/1097/920 326/1090/920 327/702/920 310/718/920
f 310/718/921 327/702/921 328/1091/921 311/719/921
f 311/719/922 328/1091/922 329/704/922 312/1098/922
f 312/1098/923 329/704/923 330/1092/923 313/721/923
f 313/721/924 330/1092/924 331/1093/924 314/722/924
f 314/722/925 331/1093/925 332/707/925 315/1099/925
f 315/1099/926 332/707/926 333/1094/926 316/724/926
f 316/724/927 333/1094/927 334/1095/927 317/1100/927
f 317/1100/928 334/1095/928 335/32/928 318/30/928
f 52/64/929 51/66/929 302/710/929 285/1101/929
f 285/1101/930 302/710/930 303/711/930 286/1102/930
f 286/1102/931 303/711/931 304/712/931 287/1103/931
f 287/1103/932 304/712/932 305/713/932 288/1104/932
f 288/1104/933 305/713/933 306/714/933 289/1105/933
f 289/1105/934 306/714/934 307/1096/934 290/1106/934
f 290/1106/935 307/1096/935 308/716/935 291/732/935
f 291/732/936 308/716/936 309/1097/936 292/1107/936
f 292/1107/937 309/1097/937 310/718/937 293/734/937
f 293/734/938 310/718/938 311/719/938 294/1108/938
f 294/1108/939 311/719/939 312/1098/939 295/736/939
f 295/736/940 312/1098/940 313/721/940 296/1109/940
f 296/1109/941 313/721/941 314/722/941 297/1110/941
f 297/1110/942 314/722/942 315/1099/942 298/1111/942
f 298/1111/943 315/1099/943 316/724/943 299/1112/943
f 299/1112/944 316/724/944 317/1100/944 300/1113/944
f 300/1113/945 317/1100/945 318/30/945 301/28/945
f 53/62/946 52/64/946 285/1101/946 268/742/946
f 268/742/947 285/1101/947 286/1102/947 269/1114/947
f 269/1114/948 286/1102/948 287/1103/948 270/1115/948
f 270/1115/949 287/1103/949 288/1104/949 271/1116/949
f 271/1116/950 288/1104/950 289/1105/950 272/1117/950
f 272/1117/951 289/1105/951 290/1106/951 273/1118/951
f 273/1118/952 290/1106/952 291/732/952 274/1119/952
f 274/1119/953 291/732/953 292/1107/953 275/1120/953
f 275/1120/954 292/1107/954 293/734/954 276/750/954
f 276/750/955 293/734/955 294/1108/955 277/751/955
f 277/751/956 294/1108/956 295/736/956 278/752/956
f 278/752/957 295/736/957 296/1109/957 279/1121/957
f 279/1121/958 296/1109/958 297/1110/958 280/1122/958
f 280/1122/959 297/1110/959 298/1111/959 281/1123/959
f 281/1123/960 298/1111/960 299/1112/960 282/1124/960
f 282/1124/961 299/1112/961 300/1113/961 283/1125/961
f 283/1125/962 300/1113/962 301/28/962 284/26/962
f 54/60/963 53/62/963 268/742/963 251/1126/963
f 251/1126/964 268/742/964 269/1114/964 252/759/964
f 252/759/965 269/1114/965 270/1115/965 253/760/965
f 253/760/966 270/1115/966 271/1116/966 254/1127/966
f 254/1127/967 271/1116/967 272/1117/967 255/1128/967
f 255/1128/968 272/1117/968 273/1118/968 256/1129/968
f 256/1129/969 273/1118/969 274/1119/969 257/764/969
f 257/764/970 274/1119/970 275/1120/970 258/765/970
f 258/765/971 275/1120/971 276/750/971 259/1130/971
f 259/1130/972 276/750/972 277/751/972 260/1131/972
f 260/1131/973 277/751/973 278/752/973 261/1132/973
f 261/1132/974 278/752/974 279/1121/974 262/1133/974
f 262/1133/975 279/1121/975 280/1122/975 263/1134/975
f 263/1134/976 280/1122/976 281/1123/976 264/1135/976
f 264/1135/977 281/1123/977 282/1124/977 265/772/977
f 265/772/978 282/1124/978 283/1125/978 266/1136/978
f 266/1136/979 283/1125/979 284/26/979 267/24/979
f 55/58/980 54/60/980 251/1126/980 234/1137/980
f 234/1137/981 251/1126/981 252/759/981 235/1138/981
f 235/1138/982 252/759/982 253/760/982 236/776/982
f 236/776/983 253/760/983 254/1127/983 237/777/983
f 237/777/984 254/1127/984 255/1128/984 238/1139/984
f 238/1139/985 255/1128/985 256/1129/985 239/779/985
f 239/779/986 256/1129/986 257/764/986 240/780/986
f 240/780/987 257/764/987 258/765/987 241/1140/987
f 241/1140/988 258/765/988 259/1130/988 242/782/988
f 242/782/989 259/1130/989 260/1131/989 243/783/989
f 243/783/990 260/1131/990 261/1132/990 244/1141/990
f 244/1141/991 261/1132/991 262/1133/991 245/1142/991
f 245/1142/992 262/1133/992 263/1134/992 246/786/992
f 246/786/993 263/1134/993 264/1135/993 247/1143/993
f 247/1143/994 264/1135/994 265/772/994 248/1144/994
f 248/1144/995 265/772/995 266/1136/995 249/1145/995
f 249/1145/996 266/1136/996 267/24/996 250/22/996
f 56/55/997 55/58/997 234/1137/997 217/1146/997
f 217/1146/998 234/1137/998 235/1138/998 218/1147/998
f 218/1147/999 235/1138/999 236/776/999 219/1148/999
f 219/1148/1000 236/776/1000 237/777/1000 220/1149/1000
f 220/1149/1001 237/777/1001 238/1139/1001 221/794/1001
f 221/794/1002 238/1139/1002 239/779/1002 222/795/1002
f 222/795/1003 239/779/1003 240/780/1003 223/1150/1003
f 223/1150/1004 240/780/1004 241/1140/1004 224/797/1004
f 224/797/1005 241/1140/1005 242/782/1005 225/798/1005
f 225/798/1006 242/782/1006 243/783/1006 226/1151/1006
f 226/1151/1007 243/783/1007 244/1141/1007 227/800/1007
f 227/800/1008 244/1141/1008 245/1142/1008 228/1152/1008
f 228/1152/1009 245/1142/1009 246/786/1009 229/1153/1009
f 229/1153/1010 246/786/1010 247/1143/1010 230/1154/1010
f 230/1154/1011 247/1143/1011 248/1144/1011 231/804/1011
f 231/804/1012 248/1144/1012 249/1145/1012 232/805/1012
f 232/805/1013 249/1145/1013 250/22/1013 233/20/1013
f 6/56/1014 56/55/1014 217/1146/1014 165/806/1014
f 165/806/1015 217/1146/1015 218/1147/1015 164/807/1015
f 164/807/1016 218/1147/1016 219/1148/1016 163/1155/1016
f 163/1155/1017 219/1148/1017 220/1149/1017 162/809/1017
f 162/809/1018 220/1149/1018 221/794/1018 161/810/1018
f 161/810/1019 221/794/1019 222/795/1019 160/1156/1019
f 160/1156/1020 222/795/1020 223/1150/1020 159/1157/1020
f 159/1157/1021 223/1150/1021 224/797/1021 158/813/1021
f 158/813/1022 224/797/1022 225/798/1022 157/814/1022
f 157/814/1023 225/798/1023 226/1151/1023 156/815/1023
f 156/815/1024 226/1151/1024 227/800/1024 155/816/1024
f 155/816/1025 227/800/1025 228/1152/1025 154/817/1025
f 154/817/1026 228/1152/1026 229/1153/1026 153/818/1026
f 153/818/1027 229/1153/1027 230/1154/1027 152/1158/1027
f 152/1158/1028 230/1154/1028 231/804/1028 151/820/1028
f 151/820/1029 231/804/1029 232/805/1029 150/1159/1029
f 150/1159/1030 232/805/1030 233/20/1030 149/19/1030
f 45/8/1031 5/7/1031 200/1160/1031 404/1021/1031
f 404/1021/1032 200/1160/1032 201/1161/1032 405/1023/1032
f 405/1023/1033 201/1161/1033 202/1162/1033 406/1024/1033
f 406/1024/1034 202/1162/1034 203/1163/1034 407/1026/1034
f 407/1026/1035 203/1163/1035 204/1164/1035 408/1028/1035
f 408/1028/1036 204/1164/1036 205/1165/1036 409/1029/1036
f 409/1029/1037 205/1165/1037 206/1166/1037 410/1030/1037
f 410/1030/1038 206/1166/1038 207/1167/1038 411/1032/1038
f 411/1032/1039 207/1167/1039 208/1168/1039 412/1034/1039
f 412/1034/1040 208/1168/1040 209/1169/1040 413/1035/1040
f 413/1035/1041 209/1169/1041 210/1170/1041 414/1036/1041
f 414/1036/1042 210/1170/1042 211/1171/1042 415/1038/1042
f 415/1038/1043 211/1171/1043 212/1172/1043 416/1040/1043
f 416/1040/1044 212/1172/1044 213/1173/1044 417/1042/1044
f 417/1042/1045 213/1173/1045 214/1174/1045 418/1044/1045
f 418/1044/1046 214/1174/1046 215/1175/1046 419/1046/1046
f 419/1046/1047 215/1175/1047 216/18/1047 420/17/1047
f 6/822/3 165/823/3 183/824/3 8/825/3
f 165/823/3 164/1176/3 184/1177/3 183/824/3
f 164/1176/3 163/1178/3 185/1179/3 184/1177/3
f 163/1178/3 162/1180/3 186/1181/3 185/1179/3
f 162/1180/3 161/832/3 187/833/3 186/1181/3
f 161/832/3 160/834/3 188/835/3 187/833/3
f 160/834/3 159/836/3 189/837/3 188/835/3
f 159/836/3 158/1182/3 190/1183/3 189/837/3
f 158/1182/3 157/840/3 191/841/3 190/1183/3
f 157/840/3 156/842/3 192/1184/3 191/841/3
f 156/842/3 155/844/3 193/845/3 192/1184/3
f 155/844/3 154/846/3 194/1185/3 193/845/3
f 154/846/3 153/848/3 195/849/3 194/1185/3
f 153/848/3 152/850/3 196/851/3 195/849/3
f 152/850/3 151/1186/3 197/853/3 196/851/3
f 151/1186/3 150/854/3 198/855/3 197/853/3
f 150/854/3 149/9/3 199/12/3 198/855/3
f 1/14/1 216/422/1 166/279/1 3/15/1
f 216/422/1 215/1187/1 167/280/1 166/279/1
f 215/1187/1 214/1188/1 168/281/1 167/280/1
f 214/1188/1 213/1189/1 169/282/1 168/281/1
f 213/1189/1 212/426/1 170/283/1 169/282/1
f 212/426/1 211/427/1 171/284/1 170/283/1
f 211/427/1 210/1190/1 172/285/1 171/284/1
f 210/1190/1 209/429/1 173/286/1 172/285/1
f 209/429/1 208/1191/1 174/287/1 173/286/1
f 208/1191/1 207/431/1 175/288/1 174/287/1
f 207/431/1 206/1192/1 176/289/1 175/288/1
f 206/1192/1 205/433/1 177/290/1 176/289/1
f 205/433/1 204/434/1 178/291/1 177/290/1
f 204/434/1 203/1193/1 179/292/1 178/291/1
f 203/1193/1 202/436/1 180/293/1 179/292/1
f 202/436/1 201/1194/1 181/294/1 180/293/1
f 201/1194/1 200/1/1 182/4/1 181/294/1
